"ID","Gemeinde_color","Ja_Stimmen_In_Prozent","Nein_Stimmen_In_Prozent","Gemeinde_de","Text_de"
301,19.8,19.8,80.2,"Aarberg BE","In Aarberg hat die Stimmbevölkerung die Klimafondsinitiative abgelehnt. Das Volksbegehren wurde mit einem Nein-Stimmen-Anteil von 80,2 Prozent verworfen. Aarberg hat damit anders abgestimmt als der Kanton Bern, der die Vorlage angenommen hat."
302,19.5,19.5,80.5,"Bargen BE","Nein zur Klimafondsinitiative in Bargen BE: Mit 6'175 Nein- zu 1'497 Ja-Stimmen haben die Stimmbürgerinnen und Stimmbürger das Volksbegehren abgelehnt. Das sind 80,5 Prozent. Bargen BE hat damit anders abgestimmt als der Kanton Bern, der die Vorlage angenommen hat."
303,79.9,79.9,20.1,"Grossaffoltern BE","Die Stimmbevölkerung von Grossaffoltern hat die Klimafondsinitiative mit 79,9 Prozent angenommen. Grossaffoltern hat damit gleich wie der Kanton Bern Ja gesagt zu dieser Vorlage."
304,68.7,68.7,31.3,"Kallnach BE","68,7 Prozent der Abstimmenden in der Gemeinde Kallnach haben Ja gesagt zur Klimafondsinitiative. Kallnach hat damit gleich wie der Kanton Bern Ja gesagt zu dieser Vorlage."
305,37.1,37.1,62.9,"Kappelen BE","Nein zur Klimafondsinitiative in Kappelen: Mit 4'930 Nein- zu 2'907 Ja-Stimmen haben die Stimmbürgerinnen und Stimmbürger das Volksbegehren abgelehnt. Das sind 62,9 Prozent. Kappelen hat damit anders abgestimmt als der Kanton Bern, der die Vorlage angenommen hat."
306,19.2,19.2,80.8,"Lyss BE","In Lyss hat die Klimafondsinitiative keine Mehrheit gefunden. Auf 80,8 Prozent der abgegebenen Stimmzettel stand ein Nein. Lyss hat damit anders abgestimmt als der Kanton Bern, der die Vorlage angenommen hat."
307,41.4,41.4,58.6,"Meikirch BE","58,6 Prozent der Stimmbürgerinnen und Stimmbürger von Meikirch haben Nein gesagt zur Klimafondsinitiative. Meikirch hat damit anders abgestimmt als der Kanton Bern, der die Vorlage angenommen hat."
309,34.7,34.7,65.3,"Radelfingen BE","In Radelfingen hat die Stimmbevölkerung die Klimafondsinitiative abgelehnt. Das Volksbegehren wurde mit einem Nein-Stimmen-Anteil von 65,3 Prozent verworfen. Radelfingen hat damit anders abgestimmt als der Kanton Bern, der die Vorlage angenommen hat."
310,43.9,43.9,56.1,"Rapperswil BE","In Rapperswil BE hat die Klimafondsinitiative keine Mehrheit gefunden. Auf 56,1 Prozent der abgegebenen Stimmzettel stand ein Nein. Rapperswil BE hat damit anders abgestimmt als der Kanton Bern, der die Vorlage angenommen hat."
311,24.3,24.3,75.7,"Schüpfen BE","Nein zur Klimafondsinitiative in Schüpfen. Die Gemeinde hat die Vorlage mit 75,7 Prozent abgelehnt. Schüpfen hat damit anders abgestimmt als der Kanton Bern, der die Vorlage angenommen hat."
312,0.9,0.9,99.1,"Seedorf BE","99,1 Prozent der Stimmbürgerinnen und Stimmbürger von Seedorf BE haben Nein gesagt zur Klimafondsinitiative. Seedorf BE hat damit anders abgestimmt als der Kanton Bern, der die Vorlage angenommen hat."
321,76.6,76.6,23.4,"Aarwangen BE","Ja zur Klimafondsinitiative in Aarwangen. Die Gemeinde hat das Volksbegehren mit 76,6 Prozent der Stimmen angenommen. Aarwangen hat damit gleich wie der Kanton Bern Ja gesagt zu dieser Vorlage."
322,37.9,37.9,62.1,"Auswil BE","Keine Mehrheit für die Klimafondsinitiative in Auswil: Mit 9'490 Nein-Stimmen zu 5'793 Ja-Stimmen oder 62,1 Prozent hat die Gemeinde das Volksbegehren verworfen. Auswil hat damit anders abgestimmt als der Kanton Bern, der die Vorlage angenommen hat."
323,88.7,88.7,11.3,"Bannwil BE","In Bannwil hat die Stimmbevölkerung der Klimafondsinitiative zugestimmt. Sie wurde mit einem Ja-Stimmen-Anteil von 88,7 Prozent angenommen. Bannwil hat damit gleich wie der Kanton Bern Ja gesagt zu dieser Vorlage."
324,83.9,83.9,16.1,"Bleienbach BE","Ja zur Klimafondsinitiative in Bleienbach: Mit 83,9 Prozent haben die Stimmbürgerinnen und Stimmbürger das Volksbegehren angenommen. Bleienbach hat damit gleich wie der Kanton Bern Ja gesagt zu dieser Vorlage."
325,52.2,52.2,47.8,"Busswil bei Melchnau BE","52,2 Prozent der Stimmbürgerinnen und Stimmbürger von Busswil bei Melchnau haben die Klimafondsinitiative angenommen. Busswil bei Melchnau hat damit gleich wie der Kanton Bern Ja gesagt zu dieser Vorlage."
326,57,57,43,"Gondiswil BE","57 Prozent der Abstimmenden in der Gemeinde Gondiswil haben Ja gesagt zur Klimafondsinitiative. Gondiswil hat damit gleich wie der Kanton Bern Ja gesagt zu dieser Vorlage."
329,67.6,67.6,32.4,"Langenthal BE","67,6 Prozent der Stimmbürgerinnen und Stimmbürger von Langenthal haben die Klimafondsinitiative angenommen. Langenthal hat damit gleich wie der Kanton Bern Ja gesagt zu dieser Vorlage."
331,61.4,61.4,38.6,"Lotzwil BE","Ja zur Klimafondsinitiative in Lotzwil: Mit 61,4 Prozent haben die Stimmbürgerinnen und Stimmbürger das Volksbegehren angenommen. Lotzwil hat damit gleich wie der Kanton Bern Ja gesagt zu dieser Vorlage."
332,52.8,52.8,47.2,"Madiswil BE","Die Stimmbevölkerung von Madiswil hat die Klimafondsinitiative mit 52,8 Prozent angenommen. Madiswil hat damit gleich wie der Kanton Bern Ja gesagt zu dieser Vorlage."
333,34.4,34.4,65.6,"Melchnau BE","Melchnau hat die Klimafondsinitiative mit 65,6 Prozent abgelehnt. Melchnau hat damit anders abgestimmt als der Kanton Bern, der die Vorlage angenommen hat."
335,14.5,14.5,85.5,"Oeschenbach BE","85,5 Prozent der Stimmbürgerinnen und Stimmbürger von Oeschenbach haben Nein gesagt zur Klimafondsinitiative. Oeschenbach hat damit anders abgestimmt als der Kanton Bern, der die Vorlage angenommen hat."
336,51.1,51.1,48.9,"Reisiswil BE","Die Stimmbevölkerung von Reisiswil hat die Klimafondsinitiative mit 51,1 Prozent angenommen. Reisiswil hat damit gleich wie der Kanton Bern Ja gesagt zu dieser Vorlage."
337,76.6,76.6,23.4,"Roggwil BE","76,6 Prozent der Stimmbürgerinnen und Stimmbürger von Roggwil BE haben die Klimafondsinitiative angenommen. Roggwil BE hat damit gleich wie der Kanton Bern Ja gesagt zu dieser Vorlage."
338,79.9,79.9,20.1,"Rohrbach BE","Ja zur Klimafondsinitiative in Rohrbach: Mit 79,9 Prozent haben die Stimmbürgerinnen und Stimmbürger das Volksbegehren angenommen. Rohrbach hat damit gleich wie der Kanton Bern Ja gesagt zu dieser Vorlage."
339,78.9,78.9,21.1,"Rohrbachgraben BE","In Rohrbachgraben hat die Stimmbevölkerung der Klimafondsinitiative zugestimmt. Sie wurde mit einem Ja-Stimmen-Anteil von 78,9 Prozent angenommen. Rohrbachgraben hat damit gleich wie der Kanton Bern Ja gesagt zu dieser Vorlage."
340,65.4,65.4,34.6,"Rütschelen BE","65,4 Prozent der Stimmbürgerinnen und Stimmbürger von Rütschelen haben die Klimafondsinitiative angenommen. Rütschelen hat damit gleich wie der Kanton Bern Ja gesagt zu dieser Vorlage."
341,75.1,75.1,24.9,"Schwarzhäusern BE","Die Gemeinde Schwarzhäusern hat die Klimafondsinitiative mit 75,1 Prozent Ja-Stimmen angenommen. Schwarzhäusern hat damit gleich wie der Kanton Bern Ja gesagt zu dieser Vorlage."
342,51.6,51.6,48.4,"Thunstetten BE","Ja zur Klimafondsinitiative in Thunstetten: Mit 51,6 Prozent haben die Stimmbürgerinnen und Stimmbürger das Volksbegehren angenommen. Thunstetten hat damit gleich wie der Kanton Bern Ja gesagt zu dieser Vorlage."
344,85.8,85.8,14.2,"Ursenbach BE","Die Stimmbevölkerung von Ursenbach hat die Klimafondsinitiative mit 85,8 Prozent angenommen. Ursenbach hat damit gleich wie der Kanton Bern Ja gesagt zu dieser Vorlage."
345,43,43,57,"Wynau BE","Keine Mehrheit für die Klimafondsinitiative in Wynau: Mit 8'073 Nein-Stimmen zu 6'102 Ja-Stimmen oder 57 Prozent hat die Gemeinde das Volksbegehren verworfen. Wynau hat damit anders abgestimmt als der Kanton Bern, der die Vorlage angenommen hat."
351,43.8,43.8,56.2,"Bern BE","Nein zur Klimafondsinitiative in Bern. Die Gemeinde hat die Vorlage mit 56,2 Prozent abgelehnt. Bern hat damit anders abgestimmt als der Kanton Bern, der die Vorlage angenommen hat."
352,47,47,53,"Bolligen BE","In Bolligen hat die Klimafondsinitiative keine Mehrheit gefunden. Auf 53 Prozent der abgegebenen Stimmzettel stand ein Nein. Bolligen hat damit anders abgestimmt als der Kanton Bern, der die Vorlage angenommen hat."
353,0.5,0.5,99.5,"Bremgarten bei Bern BE","99,5 Prozent der Stimmbürgerinnen und Stimmbürger von Bremgarten bei Bern haben Nein gesagt zur Klimafondsinitiative. Bremgarten bei Bern hat damit bei dieser Vorlage den höchsten Nein-Anteil im Kanton Bern."
354,75.2,75.2,24.8,"Kirchlindach BE","Ja zur Klimafondsinitiative in Kirchlindach. Die Gemeinde hat das Volksbegehren mit 75,2 Prozent der Stimmen angenommen. Kirchlindach hat damit gleich wie der Kanton Bern Ja gesagt zu dieser Vorlage."
355,28.8,28.8,71.2,"Köniz BE","Keine Mehrheit für die Klimafondsinitiative in Köniz: Mit 9'227 Nein-Stimmen zu 3'724 Ja-Stimmen oder 71,2 Prozent hat die Gemeinde das Volksbegehren verworfen. Köniz hat damit anders abgestimmt als der Kanton Bern, der die Vorlage angenommen hat."
356,49.5,49.5,50.5,"Muri bei Bern BE","50,5 Prozent der Stimmbürgerinnen und Stimmbürger von Muri bei Bern haben Nein gesagt zur Klimafondsinitiative. Muri bei Bern hat damit anders abgestimmt als der Kanton Bern, der die Vorlage angenommen hat."
357,25.4,25.4,74.6,"Oberbalm BE","Nein zur Klimafondsinitiative in Oberbalm: Mit 3'550 Nein- zu 1'206 Ja-Stimmen haben die Stimmbürgerinnen und Stimmbürger das Volksbegehren abgelehnt. Das sind 74,6 Prozent. Oberbalm hat damit anders abgestimmt als der Kanton Bern, der die Vorlage angenommen hat."
358,45.6,45.6,54.4,"Stettlen BE","Stettlen hat die Klimafondsinitiative mit 54,4 Prozent abgelehnt. Stettlen hat damit anders abgestimmt als der Kanton Bern, der die Vorlage angenommen hat."
359,32.3,32.3,67.7,"Vechigen BE","In Vechigen hat die Klimafondsinitiative keine Mehrheit gefunden. Auf 67,7 Prozent der abgegebenen Stimmzettel stand ein Nein. Vechigen hat damit anders abgestimmt als der Kanton Bern, der die Vorlage angenommen hat."
360,39.9,39.9,60.1,"Wohlen bei Bern BE","60,1 Prozent der Stimmbürgerinnen und Stimmbürger von Wohlen bei Bern haben Nein gesagt zur Klimafondsinitiative. Wohlen bei Bern hat damit anders abgestimmt als der Kanton Bern, der die Vorlage angenommen hat."
361,47.3,47.3,52.7,"Zollikofen BE","In Zollikofen hat die Stimmbevölkerung die Klimafondsinitiative abgelehnt. Das Volksbegehren wurde mit einem Nein-Stimmen-Anteil von 52,7 Prozent verworfen. Zollikofen hat damit anders abgestimmt als der Kanton Bern, der die Vorlage angenommen hat."
362,56.1,56.1,43.9,"Ittigen BE","In Ittigen hat die Stimmbevölkerung der Klimafondsinitiative zugestimmt. Sie wurde mit einem Ja-Stimmen-Anteil von 56,1 Prozent angenommen. Ittigen hat damit gleich wie der Kanton Bern Ja gesagt zu dieser Vorlage."
363,61.1,61.1,38.9,"Ostermundigen BE","Die Gemeinde Ostermundigen hat die Klimafondsinitiative mit 61,1 Prozent Ja-Stimmen angenommen. Ostermundigen hat damit gleich wie der Kanton Bern Ja gesagt zu dieser Vorlage."
371,12.7,12.7,87.3,"Biel BE","87,3 Prozent der Stimmbürgerinnen und Stimmbürger von Biel BE haben Nein gesagt zur Klimafondsinitiative. Biel BE hat damit anders abgestimmt als der Kanton Bern, der die Vorlage angenommen hat."
372,43.8,43.8,56.2,"Leubringen BE","Keine Mehrheit für die Klimafondsinitiative in Leubringen: Mit 9'320 Nein-Stimmen zu 7'255 Ja-Stimmen oder 56,2 Prozent hat die Gemeinde das Volksbegehren verworfen. Leubringen hat damit anders abgestimmt als der Kanton Bern, der die Vorlage angenommen hat."
381,31.5,31.5,68.5,"Arch BE","Arch hat die Klimafondsinitiative mit 68,5 Prozent abgelehnt. Arch hat damit anders abgestimmt als der Kanton Bern, der die Vorlage angenommen hat."
382,66.3,66.3,33.7,"Büetigen BE","Die Stimmbevölkerung von Büetigen hat die Klimafondsinitiative mit 66,3 Prozent angenommen. Büetigen hat damit gleich wie der Kanton Bern Ja gesagt zu dieser Vorlage."
383,86.5,86.5,13.5,"Büren an der Aare BE","86,5 Prozent der Abstimmenden in der Gemeinde Büren an der Aare haben Ja gesagt zur Klimafondsinitiative. Büren an der Aare hat damit gleich wie der Kanton Bern Ja gesagt zu dieser Vorlage."
385,70.9,70.9,29.1,"Diessbach bei Büren BE","Ja zur Klimafondsinitiative in Diessbach bei Büren. Die Gemeinde hat das Volksbegehren mit 70,9 Prozent der Stimmen angenommen. Diessbach bei Büren hat damit gleich wie der Kanton Bern Ja gesagt zu dieser Vorlage."
386,6.8,6.8,93.2,"Dotzigen BE","Nein zur Klimafondsinitiative in Dotzigen: Mit 6'964 Nein- zu 509 Ja-Stimmen haben die Stimmbürgerinnen und Stimmbürger das Volksbegehren abgelehnt. Das sind 93,2 Prozent. Dotzigen hat damit anders abgestimmt als der Kanton Bern, der die Vorlage angenommen hat."
387,46.1,46.1,53.9,"Lengnau BE","Lengnau BE hat die Klimafondsinitiative mit 53,9 Prozent abgelehnt. Lengnau BE hat damit anders abgestimmt als der Kanton Bern, der die Vorlage angenommen hat."
388,19.2,19.2,80.8,"Leuzigen BE","In Leuzigen hat die Stimmbevölkerung die Klimafondsinitiative abgelehnt. Das Volksbegehren wurde mit einem Nein-Stimmen-Anteil von 80,8 Prozent verworfen. Leuzigen hat damit anders abgestimmt als der Kanton Bern, der die Vorlage angenommen hat."
390,8.1,8.1,91.9,"Meinisberg BE","Keine Mehrheit für die Klimafondsinitiative in Meinisberg: Mit 3'191 Nein-Stimmen zu 281 Ja-Stimmen oder 91,9 Prozent hat die Gemeinde das Volksbegehren verworfen. Meinisberg hat damit anders abgestimmt als der Kanton Bern, der die Vorlage angenommen hat."
391,73.1,73.1,26.9,"Oberwil bei Büren BE","In Oberwil bei Büren hat die Stimmbevölkerung der Klimafondsinitiative zugestimmt. Sie wurde mit einem Ja-Stimmen-Anteil von 73,1 Prozent angenommen. Oberwil bei Büren hat damit gleich wie der Kanton Bern Ja gesagt zu dieser Vorlage."
392,73,73,27,"Pieterlen BE","Die Gemeinde Pieterlen hat die Klimafondsinitiative mit 73 Prozent Ja-Stimmen angenommen. Pieterlen hat damit gleich wie der Kanton Bern Ja gesagt zu dieser Vorlage."
393,7.6,7.6,92.4,"Rüti bei Büren BE","Rüti bei Büren hat die Klimafondsinitiative mit 92,4 Prozent abgelehnt. Rüti bei Büren hat damit anders abgestimmt als der Kanton Bern, der die Vorlage angenommen hat."
394,44.5,44.5,55.5,"Wengi BE","In Wengi hat die Klimafondsinitiative keine Mehrheit gefunden. Auf 55,5 Prozent der abgegebenen Stimmzettel stand ein Nein. Wengi hat damit anders abgestimmt als der Kanton Bern, der die Vorlage angenommen hat."
401,9.6,9.6,90.4,"Aefligen BE","Nein zur Klimafondsinitiative in Aefligen: Mit 4'339 Nein- zu 463 Ja-Stimmen haben die Stimmbürgerinnen und Stimmbürger das Volksbegehren abgelehnt. Das sind 90,4 Prozent. Aefligen hat damit anders abgestimmt als der Kanton Bern, der die Vorlage angenommen hat."
402,38,38,62,"Alchenstorf BE","In Alchenstorf hat die Klimafondsinitiative keine Mehrheit gefunden. Auf 62 Prozent der abgegebenen Stimmzettel stand ein Nein. Alchenstorf hat damit anders abgestimmt als der Kanton Bern, der die Vorlage angenommen hat."
403,37.9,37.9,62.1,"Bäriswil BE","Bäriswil hat die Klimafondsinitiative mit 62,1 Prozent abgelehnt. Bäriswil hat damit anders abgestimmt als der Kanton Bern, der die Vorlage angenommen hat."
404,27.8,27.8,72.2,"Burgdorf BE","Nein zur Klimafondsinitiative in Burgdorf. Die Gemeinde hat die Vorlage mit 72,2 Prozent abgelehnt. Burgdorf hat damit anders abgestimmt als der Kanton Bern, der die Vorlage angenommen hat."
405,41.2,41.2,58.8,"Ersigen BE","In Ersigen hat die Klimafondsinitiative keine Mehrheit gefunden. Auf 58,8 Prozent der abgegebenen Stimmzettel stand ein Nein. Ersigen hat damit anders abgestimmt als der Kanton Bern, der die Vorlage angenommen hat."
406,81.3,81.3,18.7,"Hasle bei Burgdorf BE","In Hasle bei Burgdorf hat die Stimmbevölkerung der Klimafondsinitiative zugestimmt. Sie wurde mit einem Ja-Stimmen-Anteil von 81,3 Prozent angenommen. Hasle bei Burgdorf hat damit gleich wie der Kanton Bern Ja gesagt zu dieser Vorlage."
407,76.2,76.2,23.8,"Heimiswil BE","Die Stimmbevölkerung von Heimiswil hat die Klimafondsinitiative mit 76,2 Prozent angenommen. Heimiswil hat damit gleich wie der Kanton Bern Ja gesagt zu dieser Vorlage."
409,79.3,79.3,20.7,"Hindelbank BE","79,3 Prozent der Stimmbürgerinnen und Stimmbürger von Hindelbank haben die Klimafondsinitiative angenommen. Hindelbank hat damit gleich wie der Kanton Bern Ja gesagt zu dieser Vorlage."
410,30.2,30.2,69.8,"Höchstetten BE","Höchstetten hat die Klimafondsinitiative mit 69,8 Prozent abgelehnt. Höchstetten hat damit anders abgestimmt als der Kanton Bern, der die Vorlage angenommen hat."
411,5,5,95,"Kernenried BE","Kernenried hat die Klimafondsinitiative mit 95 Prozent abgelehnt. Kernenried hat damit anders abgestimmt als der Kanton Bern, der die Vorlage angenommen hat."
412,6,6,94,"Kirchberg BE","Keine Mehrheit für die Klimafondsinitiative in Kirchberg BE: Mit 7'603 Nein-Stimmen zu 487 Ja-Stimmen oder 94 Prozent hat die Gemeinde das Volksbegehren verworfen. Kirchberg BE hat damit anders abgestimmt als der Kanton Bern, der die Vorlage angenommen hat."
413,78.2,78.2,21.8,"Koppigen BE","In Koppigen hat die Stimmbevölkerung der Klimafondsinitiative zugestimmt. Sie wurde mit einem Ja-Stimmen-Anteil von 78,2 Prozent angenommen. Koppigen hat damit gleich wie der Kanton Bern Ja gesagt zu dieser Vorlage."
414,57.7,57.7,42.3,"Krauchthal BE","Die Stimmbevölkerung von Krauchthal hat die Klimafondsinitiative mit 57,7 Prozent angenommen. Krauchthal hat damit gleich wie der Kanton Bern Ja gesagt zu dieser Vorlage."
415,14.8,14.8,85.2,"Lyssach BE","85,2 Prozent der Stimmbürgerinnen und Stimmbürger von Lyssach haben Nein gesagt zur Klimafondsinitiative. Lyssach hat damit anders abgestimmt als der Kanton Bern, der die Vorlage angenommen hat."
418,69.9,69.9,30.1,"Oberburg BE","Ja zur Klimafondsinitiative in Oberburg. Die Gemeinde hat das Volksbegehren mit 69,9 Prozent der Stimmen angenommen. Oberburg hat damit gleich wie der Kanton Bern Ja gesagt zu dieser Vorlage."
420,61.7,61.7,38.3,"Rüdtligen-Alchenflüh BE","61,7 Prozent der Abstimmenden in der Gemeinde Rüdtligen-Alchenflüh haben Ja gesagt zur Klimafondsinitiative. Rüdtligen-Alchenflüh hat damit gleich wie der Kanton Bern Ja gesagt zu dieser Vorlage."
421,63.9,63.9,36.1,"Rumendingen BE","Die Gemeinde Rumendingen hat die Klimafondsinitiative mit 63,9 Prozent Ja-Stimmen angenommen. Rumendingen hat damit gleich wie der Kanton Bern Ja gesagt zu dieser Vorlage."
422,59.3,59.3,40.7,"Rüti bei Lyssach BE","Die Stimmbevölkerung von Rüti bei Lyssach hat die Klimafondsinitiative mit 59,3 Prozent angenommen. Rüti bei Lyssach hat damit gleich wie der Kanton Bern Ja gesagt zu dieser Vorlage."
423,12,12,88,"Willadingen BE","Willadingen hat die Klimafondsinitiative mit 88 Prozent abgelehnt. Willadingen hat damit anders abgestimmt als der Kanton Bern, der die Vorlage angenommen hat."
424,51.8,51.8,48.2,"Wynigen BE","Die Stimmbevölkerung von Wynigen hat die Klimafondsinitiative mit 51,8 Prozent angenommen. Wynigen hat damit gleich wie der Kanton Bern Ja gesagt zu dieser Vorlage."
431,46,46,54,"Corgémont BE","Nein zur Klimafondsinitiative in Corgémont. Die Gemeinde hat die Vorlage mit 54 Prozent abgelehnt. Corgémont hat damit anders abgestimmt als der Kanton Bern, der die Vorlage angenommen hat."
432,38.6,38.6,61.4,"Cormoret BE","Nein zur Klimafondsinitiative in Cormoret. Die Gemeinde hat die Vorlage mit 61,4 Prozent abgelehnt. Cormoret hat damit anders abgestimmt als der Kanton Bern, der die Vorlage angenommen hat."
433,19.2,19.2,80.8,"Cortébert BE","Cortébert hat die Klimafondsinitiative mit 80,8 Prozent abgelehnt. Cortébert hat damit anders abgestimmt als der Kanton Bern, der die Vorlage angenommen hat."
434,47.1,47.1,52.9,"Courtelary BE","Nein zur Klimafondsinitiative in Courtelary. Die Gemeinde hat die Vorlage mit 52,9 Prozent abgelehnt. Courtelary hat damit anders abgestimmt als der Kanton Bern, der die Vorlage angenommen hat."
435,57.1,57.1,42.9,"La Ferrière BE","In La Ferrière hat die Stimmbevölkerung der Klimafondsinitiative zugestimmt. Sie wurde mit einem Ja-Stimmen-Anteil von 57,1 Prozent angenommen. La Ferrière hat damit gleich wie der Kanton Bern Ja gesagt zu dieser Vorlage."
437,41.7,41.7,58.3,"Mont-Tramelan BE","58,3 Prozent der Stimmbürgerinnen und Stimmbürger von Mont-Tramelan haben Nein gesagt zur Klimafondsinitiative. Mont-Tramelan hat damit anders abgestimmt als der Kanton Bern, der die Vorlage angenommen hat."
438,24.4,24.4,75.6,"Orvin BE","75,6 Prozent der Stimmbürgerinnen und Stimmbürger von Orvin haben Nein gesagt zur Klimafondsinitiative. Orvin hat damit anders abgestimmt als der Kanton Bern, der die Vorlage angenommen hat."
441,21.6,21.6,78.4,"Renan BE","Nein zur Klimafondsinitiative in Renan BE: Mit 3'981 Nein- zu 1'098 Ja-Stimmen haben die Stimmbürgerinnen und Stimmbürger das Volksbegehren abgelehnt. Das sind 78,4 Prozent. Renan BE hat damit anders abgestimmt als der Kanton Bern, der die Vorlage angenommen hat."
442,49.8,49.8,50.2,"Romont BE","Romont BE hat die Klimafondsinitiative mit 50,2 Prozent abgelehnt. Romont BE hat damit anders abgestimmt als der Kanton Bern, der die Vorlage angenommen hat."
443,17,17,83,"St. Immer BE","Nein zur Klimafondsinitiative in St. Immer. Die Gemeinde hat die Vorlage mit 83 Prozent abgelehnt. St. Immer hat damit anders abgestimmt als der Kanton Bern, der die Vorlage angenommen hat."
444,40.4,40.4,59.6,"Sonceboz-Sombeval BE","Sonceboz-Sombeval hat die Klimafondsinitiative mit 59,6 Prozent abgelehnt. Sonceboz-Sombeval hat damit anders abgestimmt als der Kanton Bern, der die Vorlage angenommen hat."
445,54.6,54.6,45.4,"Sonvilier BE","Ja zur Klimafondsinitiative in Sonvilier. Die Gemeinde hat das Volksbegehren mit 54,6 Prozent der Stimmen angenommen. Sonvilier hat damit gleich wie der Kanton Bern Ja gesagt zu dieser Vorlage."
446,36.4,36.4,63.6,"Tramelan BE","Tramelan hat die Klimafondsinitiative mit 63,6 Prozent abgelehnt. Tramelan hat damit anders abgestimmt als der Kanton Bern, der die Vorlage angenommen hat."
448,47.6,47.6,52.4,"Villeret BE","In Villeret hat die Klimafondsinitiative keine Mehrheit gefunden. Auf 52,4 Prozent der abgegebenen Stimmzettel stand ein Nein. Villeret hat damit anders abgestimmt als der Kanton Bern, der die Vorlage angenommen hat."
449,48.3,48.3,51.7,"Sauge BE","Nein zur Klimafondsinitiative in Sauge: Mit 3'177 Nein- zu 2'970 Ja-Stimmen haben die Stimmbürgerinnen und Stimmbürger das Volksbegehren abgelehnt. Das sind 51,7 Prozent. Sauge hat damit anders abgestimmt als der Kanton Bern, der die Vorlage angenommen hat."
450,49.4,49.4,50.6,"Péry-La Heutte BE","In Péry-La Heutte hat die Stimmbevölkerung die Klimafondsinitiative abgelehnt. Das Volksbegehren wurde mit einem Nein-Stimmen-Anteil von 50,6 Prozent verworfen. Péry-La Heutte hat damit anders abgestimmt als der Kanton Bern, der die Vorlage angenommen hat."
491,18.7,18.7,81.3,"Brüttelen BE","81,3 Prozent der Stimmbürgerinnen und Stimmbürger von Brüttelen haben Nein gesagt zur Klimafondsinitiative. Brüttelen hat damit anders abgestimmt als der Kanton Bern, der die Vorlage angenommen hat."
492,33.8,33.8,66.2,"Erlach BE","Erlach hat die Klimafondsinitiative mit 66,2 Prozent abgelehnt. Erlach hat damit anders abgestimmt als der Kanton Bern, der die Vorlage angenommen hat."
493,83.1,83.1,16.9,"Finsterhennen BE","Die Gemeinde Finsterhennen hat die Klimafondsinitiative mit 83,1 Prozent Ja-Stimmen angenommen. Finsterhennen hat damit gleich wie der Kanton Bern Ja gesagt zu dieser Vorlage."
494,84,84,16,"Gals BE","Ja zur Klimafondsinitiative in Gals. Die Gemeinde hat das Volksbegehren mit 84 Prozent der Stimmen angenommen. Gals hat damit gleich wie der Kanton Bern Ja gesagt zu dieser Vorlage."
495,71.3,71.3,28.7,"Gampelen BE","In Gampelen hat die Stimmbevölkerung der Klimafondsinitiative zugestimmt. Sie wurde mit einem Ja-Stimmen-Anteil von 71,3 Prozent angenommen. Gampelen hat damit gleich wie der Kanton Bern Ja gesagt zu dieser Vorlage."
496,90,90,10,"Ins BE","90 Prozent der Abstimmenden in der Gemeinde Ins haben Ja gesagt zur Klimafondsinitiative. Ins hat damit gleich wie der Kanton Bern Ja gesagt zu dieser Vorlage."
497,45.8,45.8,54.2,"Lüscherz BE","Nein zur Klimafondsinitiative in Lüscherz. Die Gemeinde hat die Vorlage mit 54,2 Prozent abgelehnt. Lüscherz hat damit anders abgestimmt als der Kanton Bern, der die Vorlage angenommen hat."
498,86.3,86.3,13.7,"Müntschemier BE","In Müntschemier hat die Stimmbevölkerung der Klimafondsinitiative zugestimmt. Sie wurde mit einem Ja-Stimmen-Anteil von 86,3 Prozent angenommen. Müntschemier hat damit gleich wie der Kanton Bern Ja gesagt zu dieser Vorlage."
499,65.9,65.9,34.1,"Siselen BE","65,9 Prozent der Stimmbürgerinnen und Stimmbürger von Siselen haben die Klimafondsinitiative angenommen. Siselen hat damit gleich wie der Kanton Bern Ja gesagt zu dieser Vorlage."
500,52.3,52.3,47.7,"Treiten BE","52,3 Prozent der Stimmbürgerinnen und Stimmbürger von Treiten haben die Klimafondsinitiative angenommen. Treiten hat damit gleich wie der Kanton Bern Ja gesagt zu dieser Vorlage."
501,63.4,63.4,36.6,"Tschugg BE","Ja zur Klimafondsinitiative in Tschugg. Die Gemeinde hat das Volksbegehren mit 63,4 Prozent der Stimmen angenommen. Tschugg hat damit gleich wie der Kanton Bern Ja gesagt zu dieser Vorlage."
502,17.6,17.6,82.4,"Vinelz BE","Vinelz hat die Klimafondsinitiative mit 82,4 Prozent abgelehnt. Vinelz hat damit anders abgestimmt als der Kanton Bern, der die Vorlage angenommen hat."
533,33.9,33.9,66.1,"Bätterkinden BE","Keine Mehrheit für die Klimafondsinitiative in Bätterkinden: Mit 8'753 Nein-Stimmen zu 4'492 Ja-Stimmen oder 66,1 Prozent hat die Gemeinde das Volksbegehren verworfen. Bätterkinden hat damit anders abgestimmt als der Kanton Bern, der die Vorlage angenommen hat."
538,19.8,19.8,80.2,"Fraubrunnen BE","Keine Mehrheit für die Klimafondsinitiative in Fraubrunnen: Mit 7'978 Nein-Stimmen zu 1'973 Ja-Stimmen oder 80,2 Prozent hat die Gemeinde das Volksbegehren verworfen. Fraubrunnen hat damit anders abgestimmt als der Kanton Bern, der die Vorlage angenommen hat."
540,58.7,58.7,41.3,"Jegenstorf BE","58,7 Prozent der Stimmbürgerinnen und Stimmbürger von Jegenstorf haben die Klimafondsinitiative angenommen. Jegenstorf hat damit gleich wie der Kanton Bern Ja gesagt zu dieser Vorlage."
541,17.7,17.7,82.3,"Iffwil BE","In Iffwil hat die Stimmbevölkerung die Klimafondsinitiative abgelehnt. Das Volksbegehren wurde mit einem Nein-Stimmen-Anteil von 82,3 Prozent verworfen. Iffwil hat damit anders abgestimmt als der Kanton Bern, der die Vorlage angenommen hat."
543,60.1,60.1,39.9,"Mattstetten BE","60,1 Prozent der Stimmbürgerinnen und Stimmbürger von Mattstetten haben die Klimafondsinitiative angenommen. Mattstetten hat damit gleich wie der Kanton Bern Ja gesagt zu dieser Vorlage."
544,11.4,11.4,88.6,"Moosseedorf BE","In Moosseedorf hat die Stimmbevölkerung die Klimafondsinitiative abgelehnt. Das Volksbegehren wurde mit einem Nein-Stimmen-Anteil von 88,6 Prozent verworfen. Moosseedorf hat damit anders abgestimmt als der Kanton Bern, der die Vorlage angenommen hat."
546,23.5,23.5,76.5,"Münchenbuchsee BE","Keine Mehrheit für die Klimafondsinitiative in Münchenbuchsee: Mit 7'618 Nein-Stimmen zu 2'345 Ja-Stimmen oder 76,5 Prozent hat die Gemeinde das Volksbegehren verworfen. Münchenbuchsee hat damit anders abgestimmt als der Kanton Bern, der die Vorlage angenommen hat."
551,28.8,28.8,71.2,"Urtenen-Schönbühl BE","71,2 Prozent der Stimmbürgerinnen und Stimmbürger von Urtenen-Schönbühl haben Nein gesagt zur Klimafondsinitiative. Urtenen-Schönbühl hat damit anders abgestimmt als der Kanton Bern, der die Vorlage angenommen hat."
552,30.8,30.8,69.2,"Utzenstorf BE","69,2 Prozent der Stimmbürgerinnen und Stimmbürger von Utzenstorf haben Nein gesagt zur Klimafondsinitiative. Utzenstorf hat damit anders abgestimmt als der Kanton Bern, der die Vorlage angenommen hat."
553,69.7,69.7,30.3,"Wiggiswil BE","69,7 Prozent der Stimmbürgerinnen und Stimmbürger von Wiggiswil haben die Klimafondsinitiative angenommen. Wiggiswil hat damit gleich wie der Kanton Bern Ja gesagt zu dieser Vorlage."
554,98.7,98.7,1.3,"Wiler bei Utzenstorf BE","98,7 Prozent der Abstimmenden in der Gemeinde Wiler bei Utzenstorf haben Ja gesagt zur Klimafondsinitiative. Wiler bei Utzenstorf hat damit bei dieser Vorlage den höchsten Ja-Anteil im Kanton Bern."
556,39.1,39.1,60.9,"Zielebach BE","60,9 Prozent der Stimmbürgerinnen und Stimmbürger von Zielebach haben Nein gesagt zur Klimafondsinitiative. Zielebach hat damit anders abgestimmt als der Kanton Bern, der die Vorlage angenommen hat."
557,41.3,41.3,58.7,"Zuzwil BE","Keine Mehrheit für die Klimafondsinitiative in Zuzwil BE: Mit 8'581 Nein-Stimmen zu 6'048 Ja-Stimmen oder 58,7 Prozent hat die Gemeinde das Volksbegehren verworfen. Zuzwil BE hat damit anders abgestimmt als der Kanton Bern, der die Vorlage angenommen hat."
561,36.1,36.1,63.9,"Adelboden BE","In Adelboden hat die Klimafondsinitiative keine Mehrheit gefunden. Auf 63,9 Prozent der abgegebenen Stimmzettel stand ein Nein. Adelboden hat damit anders abgestimmt als der Kanton Bern, der die Vorlage angenommen hat."
562,82.9,82.9,17.1,"Aeschi bei Spiez BE","Die Gemeinde Aeschi bei Spiez hat die Klimafondsinitiative mit 82,9 Prozent Ja-Stimmen angenommen. Aeschi bei Spiez hat damit gleich wie der Kanton Bern Ja gesagt zu dieser Vorlage."
563,37.5,37.5,62.5,"Frutigen BE","In Frutigen hat die Stimmbevölkerung die Klimafondsinitiative abgelehnt. Das Volksbegehren wurde mit einem Nein-Stimmen-Anteil von 62,5 Prozent verworfen. Frutigen hat damit anders abgestimmt als der Kanton Bern, der die Vorlage angenommen hat."
564,88.7,88.7,11.3,"Kandergrund BE","88,7 Prozent der Abstimmenden in der Gemeinde Kandergrund haben Ja gesagt zur Klimafondsinitiative. Kandergrund hat damit gleich wie der Kanton Bern Ja gesagt zu dieser Vorlage."
565,74.6,74.6,25.4,"Kandersteg BE","74,6 Prozent der Abstimmenden in der Gemeinde Kandersteg haben Ja gesagt zur Klimafondsinitiative. Kandersteg hat damit gleich wie der Kanton Bern Ja gesagt zu dieser Vorlage."
566,12.9,12.9,87.1,"Krattigen BE","Nein zur Klimafondsinitiative in Krattigen: Mit 7'149 Nein- zu 1'062 Ja-Stimmen haben die Stimmbürgerinnen und Stimmbürger das Volksbegehren abgelehnt. Das sind 87,1 Prozent. Krattigen hat damit anders abgestimmt als der Kanton Bern, der die Vorlage angenommen hat."
567,95.3,95.3,4.7,"Reichenbach im Kandertal BE","95,3 Prozent der Abstimmenden in der Gemeinde Reichenbach im Kandertal haben Ja gesagt zur Klimafondsinitiative. Reichenbach im Kandertal hat damit gleich wie der Kanton Bern Ja gesagt zu dieser Vorlage."
571,13.4,13.4,86.6,"Beatenberg BE","Beatenberg hat die Klimafondsinitiative mit 86,6 Prozent abgelehnt. Beatenberg hat damit anders abgestimmt als der Kanton Bern, der die Vorlage angenommen hat."
572,46.8,46.8,53.2,"Bönigen BE","In Bönigen hat die Stimmbevölkerung die Klimafondsinitiative abgelehnt. Das Volksbegehren wurde mit einem Nein-Stimmen-Anteil von 53,2 Prozent verworfen. Bönigen hat damit anders abgestimmt als der Kanton Bern, der die Vorlage angenommen hat."
573,25.2,25.2,74.8,"Brienz BE","74,8 Prozent der Stimmbürgerinnen und Stimmbürger von Brienz BE haben Nein gesagt zur Klimafondsinitiative. Brienz BE hat damit anders abgestimmt als der Kanton Bern, der die Vorlage angenommen hat."
574,38.3,38.3,61.7,"Brienzwiler BE","In Brienzwiler hat die Klimafondsinitiative keine Mehrheit gefunden. Auf 61,7 Prozent der abgegebenen Stimmzettel stand ein Nein. Brienzwiler hat damit anders abgestimmt als der Kanton Bern, der die Vorlage angenommen hat."
575,27.2,27.2,72.8,"Därligen BE","Därligen hat die Klimafondsinitiative mit 72,8 Prozent abgelehnt. Därligen hat damit anders abgestimmt als der Kanton Bern, der die Vorlage angenommen hat."
576,73.5,73.5,26.5,"Grindelwald BE","Ja zur Klimafondsinitiative in Grindelwald: Mit 73,5 Prozent haben die Stimmbürgerinnen und Stimmbürger das Volksbegehren angenommen. Grindelwald hat damit gleich wie der Kanton Bern Ja gesagt zu dieser Vorlage."
577,59.6,59.6,40.4,"Gsteigwiler BE","59,6 Prozent der Abstimmenden in der Gemeinde Gsteigwiler haben Ja gesagt zur Klimafondsinitiative. Gsteigwiler hat damit gleich wie der Kanton Bern Ja gesagt zu dieser Vorlage."
578,23.1,23.1,76.9,"Gündlischwand BE","In Gündlischwand hat die Stimmbevölkerung die Klimafondsinitiative abgelehnt. Das Volksbegehren wurde mit einem Nein-Stimmen-Anteil von 76,9 Prozent verworfen. Gündlischwand hat damit anders abgestimmt als der Kanton Bern, der die Vorlage angenommen hat."
579,56.6,56.6,43.4,"Habkern BE","Die Gemeinde Habkern hat die Klimafondsinitiative mit 56,6 Prozent Ja-Stimmen angenommen. Habkern hat damit gleich wie der Kanton Bern Ja gesagt zu dieser Vorlage."
580,54.5,54.5,45.5,"Hofstetten bei Brienz BE","Ja zur Klimafondsinitiative in Hofstetten bei Brienz. Die Gemeinde hat das Volksbegehren mit 54,5 Prozent der Stimmen angenommen. Hofstetten bei Brienz hat damit gleich wie der Kanton Bern Ja gesagt zu dieser Vorlage."
581,73.2,73.2,26.8,"Interlaken BE","73,2 Prozent der Abstimmenden in der Gemeinde Interlaken haben Ja gesagt zur Klimafondsinitiative. Interlaken hat damit gleich wie der Kanton Bern Ja gesagt zu dieser Vorlage."
582,60.7,60.7,39.3,"Iseltwald BE","Die Stimmbevölkerung von Iseltwald hat die Klimafondsinitiative mit 60,7 Prozent angenommen. Iseltwald hat damit gleich wie der Kanton Bern Ja gesagt zu dieser Vorlage."
584,53.7,53.7,46.3,"Lauterbrunnen BE","53,7 Prozent der Stimmbürgerinnen und Stimmbürger von Lauterbrunnen haben die Klimafondsinitiative angenommen. Lauterbrunnen hat damit gleich wie der Kanton Bern Ja gesagt zu dieser Vorlage."
585,46.2,46.2,53.8,"Leissigen BE","In Leissigen hat die Klimafondsinitiative keine Mehrheit gefunden. Auf 53,8 Prozent der abgegebenen Stimmzettel stand ein Nein. Leissigen hat damit anders abgestimmt als der Kanton Bern, der die Vorlage angenommen hat."
586,56.4,56.4,43.6,"Lütschental BE","Ja zur Klimafondsinitiative in Lütschental: Mit 56,4 Prozent haben die Stimmbürgerinnen und Stimmbürger das Volksbegehren angenommen. Lütschental hat damit gleich wie der Kanton Bern Ja gesagt zu dieser Vorlage."
587,3.9,3.9,96.1,"Matten bei Interlaken BE","In Matten bei Interlaken hat die Klimafondsinitiative keine Mehrheit gefunden. Auf 96,1 Prozent der abgegebenen Stimmzettel stand ein Nein. Matten bei Interlaken hat damit anders abgestimmt als der Kanton Bern, der die Vorlage angenommen hat."
588,75.8,75.8,24.2,"Niederried bei Interlaken BE","75,8 Prozent der Stimmbürgerinnen und Stimmbürger von Niederried bei Interlaken haben die Klimafondsinitiative angenommen. Niederried bei Interlaken hat damit gleich wie der Kanton Bern Ja gesagt zu dieser Vorlage."
589,91.5,91.5,8.5,"Oberried am Brienzersee BE","In Oberried am Brienzersee hat die Stimmbevölkerung der Klimafondsinitiative zugestimmt. Sie wurde mit einem Ja-Stimmen-Anteil von 91,5 Prozent angenommen. Oberried am Brienzersee hat damit gleich wie der Kanton Bern Ja gesagt zu dieser Vorlage."
590,81.6,81.6,18.4,"Ringgenberg BE","81,6 Prozent der Stimmbürgerinnen und Stimmbürger von Ringgenberg BE haben die Klimafondsinitiative angenommen. Ringgenberg BE hat damit gleich wie der Kanton Bern Ja gesagt zu dieser Vorlage."
591,53.2,53.2,46.8,"Saxeten BE","Ja zur Klimafondsinitiative in Saxeten. Die Gemeinde hat das Volksbegehren mit 53,2 Prozent der Stimmen angenommen. Saxeten hat damit gleich wie der Kanton Bern Ja gesagt zu dieser Vorlage."
592,1.2,1.2,98.8,"Schwanden bei Brienz BE","In Schwanden bei Brienz hat die Stimmbevölkerung die Klimafondsinitiative abgelehnt. Das Volksbegehren wurde mit einem Nein-Stimmen-Anteil von 98,8 Prozent verworfen. Schwanden bei Brienz hat damit anders abgestimmt als der Kanton Bern, der die Vorlage angenommen hat."
593,2.2,2.2,97.8,"Unterseen BE","97,8 Prozent der Stimmbürgerinnen und Stimmbürger von Unterseen haben Nein gesagt zur Klimafondsinitiative. Unterseen hat damit anders abgestimmt als der Kanton Bern, der die Vorlage angenommen hat."
594,63.6,63.6,36.4,"Wilderswil BE","Ja zur Klimafondsinitiative in Wilderswil: Mit 63,6 Prozent haben die Stimmbürgerinnen und Stimmbürger das Volksbegehren angenommen. Wilderswil hat damit gleich wie der Kanton Bern Ja gesagt zu dieser Vorlage."
602,2.9,2.9,97.1,"Arni BE","Keine Mehrheit für die Klimafondsinitiative in Arni BE: Mit 1'371 Nein-Stimmen zu 41 Ja-Stimmen oder 97,1 Prozent hat die Gemeinde das Volksbegehren verworfen. Arni BE hat damit anders abgestimmt als der Kanton Bern, der die Vorlage angenommen hat."
603,77.8,77.8,22.2,"Biglen BE","77,8 Prozent der Abstimmenden in der Gemeinde Biglen haben Ja gesagt zur Klimafondsinitiative. Biglen hat damit gleich wie der Kanton Bern Ja gesagt zu dieser Vorlage."
605,48.9,48.9,51.1,"Bowil BE","51,1 Prozent der Stimmbürgerinnen und Stimmbürger von Bowil haben Nein gesagt zur Klimafondsinitiative. Bowil hat damit anders abgestimmt als der Kanton Bern, der die Vorlage angenommen hat."
606,60.7,60.7,39.3,"Brenzikofen BE","Ja zur Klimafondsinitiative in Brenzikofen. Die Gemeinde hat das Volksbegehren mit 60,7 Prozent der Stimmen angenommen. Brenzikofen hat damit gleich wie der Kanton Bern Ja gesagt zu dieser Vorlage."
607,41.9,41.9,58.1,"Freimettigen BE","Nein zur Klimafondsinitiative in Freimettigen: Mit 9'366 Nein- zu 6'757 Ja-Stimmen haben die Stimmbürgerinnen und Stimmbürger das Volksbegehren abgelehnt. Das sind 58,1 Prozent. Freimettigen hat damit anders abgestimmt als der Kanton Bern, der die Vorlage angenommen hat."
608,55.3,55.3,44.7,"Grosshöchstetten BE","Ja zur Klimafondsinitiative in Grosshöchstetten: Mit 55,3 Prozent haben die Stimmbürgerinnen und Stimmbürger das Volksbegehren angenommen. Grosshöchstetten hat damit gleich wie der Kanton Bern Ja gesagt zu dieser Vorlage."
609,64.3,64.3,35.7,"Häutligen BE","Ja zur Klimafondsinitiative in Häutligen: Mit 64,3 Prozent haben die Stimmbürgerinnen und Stimmbürger das Volksbegehren angenommen. Häutligen hat damit gleich wie der Kanton Bern Ja gesagt zu dieser Vorlage."
610,57,57,43,"Herbligen BE","Die Stimmbevölkerung von Herbligen hat die Klimafondsinitiative mit 57 Prozent angenommen. Herbligen hat damit gleich wie der Kanton Bern Ja gesagt zu dieser Vorlage."
611,29,29,71,"Kiesen BE","Nein zur Klimafondsinitiative in Kiesen. Die Gemeinde hat die Vorlage mit 71 Prozent abgelehnt. Kiesen hat damit anders abgestimmt als der Kanton Bern, der die Vorlage angenommen hat."
612,34.5,34.5,65.5,"Konolfingen BE","In Konolfingen hat die Stimmbevölkerung die Klimafondsinitiative abgelehnt. Das Volksbegehren wurde mit einem Nein-Stimmen-Anteil von 65,5 Prozent verworfen. Konolfingen hat damit anders abgestimmt als der Kanton Bern, der die Vorlage angenommen hat."
613,90.7,90.7,9.3,"Landiswil BE","90,7 Prozent der Abstimmenden in der Gemeinde Landiswil haben Ja gesagt zur Klimafondsinitiative. Landiswil hat damit gleich wie der Kanton Bern Ja gesagt zu dieser Vorlage."
614,70.1,70.1,29.9,"Linden BE","70,1 Prozent der Abstimmenden in der Gemeinde Linden haben Ja gesagt zur Klimafondsinitiative. Linden hat damit gleich wie der Kanton Bern Ja gesagt zu dieser Vorlage."
615,81.3,81.3,18.7,"Mirchel BE","Ja zur Klimafondsinitiative in Mirchel. Die Gemeinde hat das Volksbegehren mit 81,3 Prozent der Stimmen angenommen. Mirchel hat damit gleich wie der Kanton Bern Ja gesagt zu dieser Vorlage."
616,41.2,41.2,58.8,"Münsingen BE","58,8 Prozent der Stimmbürgerinnen und Stimmbürger von Münsingen haben Nein gesagt zur Klimafondsinitiative. Münsingen hat damit anders abgestimmt als der Kanton Bern, der die Vorlage angenommen hat."
617,62.3,62.3,37.7,"Niederhünigen BE","Die Gemeinde Niederhünigen hat die Klimafondsinitiative mit 62,3 Prozent Ja-Stimmen angenommen. Niederhünigen hat damit gleich wie der Kanton Bern Ja gesagt zu dieser Vorlage."
619,69.2,69.2,30.8,"Oberdiessbach BE","69,2 Prozent der Abstimmenden in der Gemeinde Oberdiessbach haben Ja gesagt zur Klimafondsinitiative. Oberdiessbach hat damit gleich wie der Kanton Bern Ja gesagt zu dieser Vorlage."
620,42.8,42.8,57.2,"Oberthal BE","In Oberthal hat die Klimafondsinitiative keine Mehrheit gefunden. Auf 57,2 Prozent der abgegebenen Stimmzettel stand ein Nein. Oberthal hat damit anders abgestimmt als der Kanton Bern, der die Vorlage angenommen hat."
622,86,86,14,"Oppligen BE","In Oppligen hat die Stimmbevölkerung der Klimafondsinitiative zugestimmt. Sie wurde mit einem Ja-Stimmen-Anteil von 86 Prozent angenommen. Oppligen hat damit gleich wie der Kanton Bern Ja gesagt zu dieser Vorlage."
623,74.2,74.2,25.8,"Rubigen BE","74,2 Prozent der Stimmbürgerinnen und Stimmbürger von Rubigen haben die Klimafondsinitiative angenommen. Rubigen hat damit gleich wie der Kanton Bern Ja gesagt zu dieser Vorlage."
626,63.9,63.9,36.1,"Walkringen BE","Die Stimmbevölkerung von Walkringen hat die Klimafondsinitiative mit 63,9 Prozent angenommen. Walkringen hat damit gleich wie der Kanton Bern Ja gesagt zu dieser Vorlage."
627,31.5,31.5,68.5,"Worb BE","In Worb hat die Klimafondsinitiative keine Mehrheit gefunden. Auf 68,5 Prozent der abgegebenen Stimmzettel stand ein Nein. Worb hat damit anders abgestimmt als der Kanton Bern, der die Vorlage angenommen hat."
628,22.5,22.5,77.5,"Zäziwil BE","77,5 Prozent der Stimmbürgerinnen und Stimmbürger von Zäziwil haben Nein gesagt zur Klimafondsinitiative. Zäziwil hat damit anders abgestimmt als der Kanton Bern, der die Vorlage angenommen hat."
630,50.9,50.9,49.1,"Allmendingen BE","Ja zur Klimafondsinitiative in Allmendingen: Mit 50,9 Prozent haben die Stimmbürgerinnen und Stimmbürger das Volksbegehren angenommen. Allmendingen hat damit gleich wie der Kanton Bern Ja gesagt zu dieser Vorlage."
632,49.8,49.8,50.2,"Wichtrach BE","Wichtrach hat die Klimafondsinitiative mit 50,2 Prozent abgelehnt. Wichtrach hat damit anders abgestimmt als der Kanton Bern, der die Vorlage angenommen hat."
662,32.3,32.3,67.7,"Ferenbalm BE","In Ferenbalm hat die Stimmbevölkerung die Klimafondsinitiative abgelehnt. Das Volksbegehren wurde mit einem Nein-Stimmen-Anteil von 67,7 Prozent verworfen. Ferenbalm hat damit anders abgestimmt als der Kanton Bern, der die Vorlage angenommen hat."
663,35.7,35.7,64.3,"Frauenkappelen BE","64,3 Prozent der Stimmbürgerinnen und Stimmbürger von Frauenkappelen haben Nein gesagt zur Klimafondsinitiative. Frauenkappelen hat damit anders abgestimmt als der Kanton Bern, der die Vorlage angenommen hat."
665,16.7,16.7,83.3,"Gurbrü BE","In Gurbrü hat die Stimmbevölkerung die Klimafondsinitiative abgelehnt. Das Volksbegehren wurde mit einem Nein-Stimmen-Anteil von 83,3 Prozent verworfen. Gurbrü hat damit anders abgestimmt als der Kanton Bern, der die Vorlage angenommen hat."
666,63.5,63.5,36.5,"Kriechenwil BE","Ja zur Klimafondsinitiative in Kriechenwil. Die Gemeinde hat das Volksbegehren mit 63,5 Prozent der Stimmen angenommen. Kriechenwil hat damit gleich wie der Kanton Bern Ja gesagt zu dieser Vorlage."
667,60.4,60.4,39.6,"Laupen BE","60,4 Prozent der Abstimmenden in der Gemeinde Laupen haben Ja gesagt zur Klimafondsinitiative. Laupen hat damit gleich wie der Kanton Bern Ja gesagt zu dieser Vorlage."
668,54.7,54.7,45.3,"Mühleberg BE","Die Stimmbevölkerung von Mühleberg hat die Klimafondsinitiative mit 54,7 Prozent angenommen. Mühleberg hat damit gleich wie der Kanton Bern Ja gesagt zu dieser Vorlage."
669,91.2,91.2,8.8,"Münchenwiler BE","In Münchenwiler hat die Stimmbevölkerung der Klimafondsinitiative zugestimmt. Sie wurde mit einem Ja-Stimmen-Anteil von 91,2 Prozent angenommen. Münchenwiler hat damit gleich wie der Kanton Bern Ja gesagt zu dieser Vorlage."
670,69.3,69.3,30.7,"Neuenegg BE","Die Gemeinde Neuenegg hat die Klimafondsinitiative mit 69,3 Prozent Ja-Stimmen angenommen. Neuenegg hat damit gleich wie der Kanton Bern Ja gesagt zu dieser Vorlage."
671,56.4,56.4,43.6,"Wileroltigen BE","Die Gemeinde Wileroltigen hat die Klimafondsinitiative mit 56,4 Prozent Ja-Stimmen angenommen. Wileroltigen hat damit gleich wie der Kanton Bern Ja gesagt zu dieser Vorlage."
681,40.2,40.2,59.8,"Belprahon BE","In Belprahon hat die Stimmbevölkerung die Klimafondsinitiative abgelehnt. Das Volksbegehren wurde mit einem Nein-Stimmen-Anteil von 59,8 Prozent verworfen. Belprahon hat damit anders abgestimmt als der Kanton Bern, der die Vorlage angenommen hat."
683,83,83,17,"Champoz BE","83 Prozent der Stimmbürgerinnen und Stimmbürger von Champoz haben die Klimafondsinitiative angenommen. Champoz hat damit gleich wie der Kanton Bern Ja gesagt zu dieser Vorlage."
687,29.2,29.2,70.8,"Corcelles BE","In Corcelles BE hat die Stimmbevölkerung die Klimafondsinitiative abgelehnt. Das Volksbegehren wurde mit einem Nein-Stimmen-Anteil von 70,8 Prozent verworfen. Corcelles BE hat damit anders abgestimmt als der Kanton Bern, der die Vorlage angenommen hat."
690,80.3,80.3,19.7,"Court BE","Die Gemeinde Court hat die Klimafondsinitiative mit 80,3 Prozent Ja-Stimmen angenommen. Court hat damit gleich wie der Kanton Bern Ja gesagt zu dieser Vorlage."
691,16,16,84,"Crémines BE","In Crémines hat die Klimafondsinitiative keine Mehrheit gefunden. Auf 84 Prozent der abgegebenen Stimmzettel stand ein Nein. Crémines hat damit anders abgestimmt als der Kanton Bern, der die Vorlage angenommen hat."
692,17.2,17.2,82.8,"Eschert BE","In Eschert hat die Stimmbevölkerung die Klimafondsinitiative abgelehnt. Das Volksbegehren wurde mit einem Nein-Stimmen-Anteil von 82,8 Prozent verworfen. Eschert hat damit anders abgestimmt als der Kanton Bern, der die Vorlage angenommen hat."
694,31,31,69,"Grandval BE","In Grandval hat die Stimmbevölkerung die Klimafondsinitiative abgelehnt. Das Volksbegehren wurde mit einem Nein-Stimmen-Anteil von 69 Prozent verworfen. Grandval hat damit anders abgestimmt als der Kanton Bern, der die Vorlage angenommen hat."
696,27.7,27.7,72.3,"Loveresse BE","Loveresse hat die Klimafondsinitiative mit 72,3 Prozent abgelehnt. Loveresse hat damit anders abgestimmt als der Kanton Bern, der die Vorlage angenommen hat."
701,25.6,25.6,74.4,"Perrefitte BE","In Perrefitte hat die Stimmbevölkerung die Klimafondsinitiative abgelehnt. Das Volksbegehren wurde mit einem Nein-Stimmen-Anteil von 74,4 Prozent verworfen. Perrefitte hat damit anders abgestimmt als der Kanton Bern, der die Vorlage angenommen hat."
703,2.2,2.2,97.8,"Reconvilier BE","Nein zur Klimafondsinitiative in Reconvilier. Die Gemeinde hat die Vorlage mit 97,8 Prozent abgelehnt. Reconvilier hat damit anders abgestimmt als der Kanton Bern, der die Vorlage angenommen hat."
704,40.5,40.5,59.5,"Roches BE","In Roches BE hat die Stimmbevölkerung die Klimafondsinitiative abgelehnt. Das Volksbegehren wurde mit einem Nein-Stimmen-Anteil von 59,5 Prozent verworfen. Roches BE hat damit anders abgestimmt als der Kanton Bern, der die Vorlage angenommen hat."
706,2.3,2.3,97.7,"Saicourt BE","Nein zur Klimafondsinitiative in Saicourt. Die Gemeinde hat die Vorlage mit 97,7 Prozent abgelehnt. Saicourt hat damit anders abgestimmt als der Kanton Bern, der die Vorlage angenommen hat."
707,51.3,51.3,48.7,"Saules BE","51,3 Prozent der Stimmbürgerinnen und Stimmbürger von Saules BE haben die Klimafondsinitiative angenommen. Saules BE hat damit gleich wie der Kanton Bern Ja gesagt zu dieser Vorlage."
708,36.7,36.7,63.3,"Schelten BE","In Schelten hat die Stimmbevölkerung die Klimafondsinitiative abgelehnt. Das Volksbegehren wurde mit einem Nein-Stimmen-Anteil von 63,3 Prozent verworfen. Schelten hat damit anders abgestimmt als der Kanton Bern, der die Vorlage angenommen hat."
709,54.9,54.9,45.1,"Seehof BE","In Seehof hat die Stimmbevölkerung der Klimafondsinitiative zugestimmt. Sie wurde mit einem Ja-Stimmen-Anteil von 54,9 Prozent angenommen. Seehof hat damit gleich wie der Kanton Bern Ja gesagt zu dieser Vorlage."
711,77.8,77.8,22.2,"Sorvilier BE","Ja zur Klimafondsinitiative in Sorvilier. Die Gemeinde hat das Volksbegehren mit 77,8 Prozent der Stimmen angenommen. Sorvilier hat damit gleich wie der Kanton Bern Ja gesagt zu dieser Vorlage."
713,26.3,26.3,73.7,"Tavannes BE","Tavannes hat die Klimafondsinitiative mit 73,7 Prozent abgelehnt. Tavannes hat damit anders abgestimmt als der Kanton Bern, der die Vorlage angenommen hat."
715,32.8,32.8,67.2,"Rebévelier BE","In Rebévelier hat die Stimmbevölkerung die Klimafondsinitiative abgelehnt. Das Volksbegehren wurde mit einem Nein-Stimmen-Anteil von 67,2 Prozent verworfen. Rebévelier hat damit anders abgestimmt als der Kanton Bern, der die Vorlage angenommen hat."
716,69.6,69.6,30.4,"Petit-Val BE","69,6 Prozent der Stimmbürgerinnen und Stimmbürger von Petit-Val haben die Klimafondsinitiative angenommen. Petit-Val hat damit gleich wie der Kanton Bern Ja gesagt zu dieser Vorlage."
717,2,2,98,"Valbirse BE","Nein zur Klimafondsinitiative in Valbirse. Die Gemeinde hat die Vorlage mit 98 Prozent abgelehnt. Valbirse hat damit anders abgestimmt als der Kanton Bern, der die Vorlage angenommen hat."
723,43.1,43.1,56.9,"Neuenstadt BE","Neuenstadt hat die Klimafondsinitiative mit 56,9 Prozent abgelehnt. Neuenstadt hat damit anders abgestimmt als der Kanton Bern, der die Vorlage angenommen hat."
724,15.6,15.6,84.4,"Nods BE","Keine Mehrheit für die Klimafondsinitiative in Nods: Mit 9'117 Nein-Stimmen zu 1'687 Ja-Stimmen oder 84,4 Prozent hat die Gemeinde das Volksbegehren verworfen. Nods hat damit anders abgestimmt als der Kanton Bern, der die Vorlage angenommen hat."
726,42.1,42.1,57.9,"Plateau de Diesse BE","Plateau de Diesse hat die Klimafondsinitiative mit 57,9 Prozent abgelehnt. Plateau de Diesse hat damit anders abgestimmt als der Kanton Bern, der die Vorlage angenommen hat."
731,76.2,76.2,23.8,"Aegerten BE","Ja zur Klimafondsinitiative in Aegerten: Mit 76,2 Prozent haben die Stimmbürgerinnen und Stimmbürger das Volksbegehren angenommen. Aegerten hat damit gleich wie der Kanton Bern Ja gesagt zu dieser Vorlage."
732,50.2,50.2,49.8,"Bellmund BE","Die Gemeinde Bellmund hat die Klimafondsinitiative mit 50,2 Prozent Ja-Stimmen angenommen. Bellmund hat damit gleich wie der Kanton Bern Ja gesagt zu dieser Vorlage."
733,11.9,11.9,88.1,"Brügg BE","Nein zur Klimafondsinitiative in Brügg. Die Gemeinde hat die Vorlage mit 88,1 Prozent abgelehnt. Brügg hat damit anders abgestimmt als der Kanton Bern, der die Vorlage angenommen hat."
734,60.8,60.8,39.2,"Bühl BE","Ja zur Klimafondsinitiative in Bühl. Die Gemeinde hat das Volksbegehren mit 60,8 Prozent der Stimmen angenommen. Bühl hat damit gleich wie der Kanton Bern Ja gesagt zu dieser Vorlage."
735,89.3,89.3,10.7,"Epsach BE","Die Gemeinde Epsach hat die Klimafondsinitiative mit 89,3 Prozent Ja-Stimmen angenommen. Epsach hat damit gleich wie der Kanton Bern Ja gesagt zu dieser Vorlage."
736,47.8,47.8,52.2,"Hagneck BE","Hagneck hat die Klimafondsinitiative mit 52,2 Prozent abgelehnt. Hagneck hat damit anders abgestimmt als der Kanton Bern, der die Vorlage angenommen hat."
737,37.6,37.6,62.4,"Hermrigen BE","Hermrigen hat die Klimafondsinitiative mit 62,4 Prozent abgelehnt. Hermrigen hat damit anders abgestimmt als der Kanton Bern, der die Vorlage angenommen hat."
738,32.3,32.3,67.7,"Jens BE","Jens hat die Klimafondsinitiative mit 67,7 Prozent abgelehnt. Jens hat damit anders abgestimmt als der Kanton Bern, der die Vorlage angenommen hat."
739,12.5,12.5,87.5,"Ipsach BE","In Ipsach hat die Klimafondsinitiative keine Mehrheit gefunden. Auf 87,5 Prozent der abgegebenen Stimmzettel stand ein Nein. Ipsach hat damit anders abgestimmt als der Kanton Bern, der die Vorlage angenommen hat."
740,55.9,55.9,44.1,"Ligerz BE","55,9 Prozent der Abstimmenden in der Gemeinde Ligerz haben Ja gesagt zur Klimafondsinitiative. Ligerz hat damit gleich wie der Kanton Bern Ja gesagt zu dieser Vorlage."
741,59.9,59.9,40.1,"Merzligen BE","59,9 Prozent der Stimmbürgerinnen und Stimmbürger von Merzligen haben die Klimafondsinitiative angenommen. Merzligen hat damit gleich wie der Kanton Bern Ja gesagt zu dieser Vorlage."
742,35,35,65,"Mörigen BE","In Mörigen hat die Stimmbevölkerung die Klimafondsinitiative abgelehnt. Das Volksbegehren wurde mit einem Nein-Stimmen-Anteil von 65 Prozent verworfen. Mörigen hat damit anders abgestimmt als der Kanton Bern, der die Vorlage angenommen hat."
743,56.5,56.5,43.5,"Nidau BE","56,5 Prozent der Abstimmenden in der Gemeinde Nidau haben Ja gesagt zur Klimafondsinitiative. Nidau hat damit gleich wie der Kanton Bern Ja gesagt zu dieser Vorlage."
744,69.9,69.9,30.1,"Orpund BE","Die Gemeinde Orpund hat die Klimafondsinitiative mit 69,9 Prozent Ja-Stimmen angenommen. Orpund hat damit gleich wie der Kanton Bern Ja gesagt zu dieser Vorlage."
745,51.2,51.2,48.8,"Port BE","Die Stimmbevölkerung von Port hat die Klimafondsinitiative mit 51,2 Prozent angenommen. Port hat damit gleich wie der Kanton Bern Ja gesagt zu dieser Vorlage."
746,48.2,48.2,51.8,"Safnern BE","In Safnern hat die Stimmbevölkerung die Klimafondsinitiative abgelehnt. Das Volksbegehren wurde mit einem Nein-Stimmen-Anteil von 51,8 Prozent verworfen. Safnern hat damit anders abgestimmt als der Kanton Bern, der die Vorlage angenommen hat."
747,56.4,56.4,43.6,"Scheuren BE","Ja zur Klimafondsinitiative in Scheuren: Mit 56,4 Prozent haben die Stimmbürgerinnen und Stimmbürger das Volksbegehren angenommen. Scheuren hat damit gleich wie der Kanton Bern Ja gesagt zu dieser Vorlage."
748,96.6,96.6,3.4,"Schwadernau BE","Die Gemeinde Schwadernau hat die Klimafondsinitiative mit 96,6 Prozent Ja-Stimmen angenommen. Schwadernau hat damit gleich wie der Kanton Bern Ja gesagt zu dieser Vorlage."
749,77.6,77.6,22.4,"Studen BE","77,6 Prozent der Stimmbürgerinnen und Stimmbürger von Studen BE haben die Klimafondsinitiative angenommen. Studen BE hat damit gleich wie der Kanton Bern Ja gesagt zu dieser Vorlage."
750,66.3,66.3,33.7,"Sutz-Lattrigen BE","66,3 Prozent der Abstimmenden in der Gemeinde Sutz-Lattrigen haben Ja gesagt zur Klimafondsinitiative. Sutz-Lattrigen hat damit gleich wie der Kanton Bern Ja gesagt zu dieser Vorlage."
751,51.4,51.4,48.6,"Täuffelen BE","Ja zur Klimafondsinitiative in Täuffelen. Die Gemeinde hat das Volksbegehren mit 51,4 Prozent der Stimmen angenommen. Täuffelen hat damit gleich wie der Kanton Bern Ja gesagt zu dieser Vorlage."
754,15.6,15.6,84.4,"Walperswil BE","In Walperswil hat die Stimmbevölkerung die Klimafondsinitiative abgelehnt. Das Volksbegehren wurde mit einem Nein-Stimmen-Anteil von 84,4 Prozent verworfen. Walperswil hat damit anders abgestimmt als der Kanton Bern, der die Vorlage angenommen hat."
755,57.9,57.9,42.1,"Worben BE","57,9 Prozent der Stimmbürgerinnen und Stimmbürger von Worben haben die Klimafondsinitiative angenommen. Worben hat damit gleich wie der Kanton Bern Ja gesagt zu dieser Vorlage."
756,36,36,64,"Twann-Tüscherz BE","64 Prozent der Stimmbürgerinnen und Stimmbürger von Twann-Tüscherz haben Nein gesagt zur Klimafondsinitiative. Twann-Tüscherz hat damit anders abgestimmt als der Kanton Bern, der die Vorlage angenommen hat."
761,58.1,58.1,41.9,"Därstetten BE","Ja zur Klimafondsinitiative in Därstetten. Die Gemeinde hat das Volksbegehren mit 58,1 Prozent der Stimmen angenommen. Därstetten hat damit gleich wie der Kanton Bern Ja gesagt zu dieser Vorlage."
762,14.2,14.2,85.8,"Diemtigen BE","Keine Mehrheit für die Klimafondsinitiative in Diemtigen: Mit 6'706 Nein-Stimmen zu 1'107 Ja-Stimmen oder 85,8 Prozent hat die Gemeinde das Volksbegehren verworfen. Diemtigen hat damit anders abgestimmt als der Kanton Bern, der die Vorlage angenommen hat."
763,24.1,24.1,75.9,"Erlenbach im Simmental BE","Keine Mehrheit für die Klimafondsinitiative in Erlenbach im Simmental: Mit 8'985 Nein-Stimmen zu 2'856 Ja-Stimmen oder 75,9 Prozent hat die Gemeinde das Volksbegehren verworfen. Erlenbach im Simmental hat damit anders abgestimmt als der Kanton Bern, der die Vorlage angenommen hat."
766,50.2,50.2,49.8,"Oberwil im Simmental BE","Die Gemeinde Oberwil im Simmental hat die Klimafondsinitiative mit 50,2 Prozent Ja-Stimmen angenommen. Oberwil im Simmental hat damit gleich wie der Kanton Bern Ja gesagt zu dieser Vorlage."
767,39.6,39.6,60.4,"Reutigen BE","Nein zur Klimafondsinitiative in Reutigen: Mit 8'027 Nein- zu 5'270 Ja-Stimmen haben die Stimmbürgerinnen und Stimmbürger das Volksbegehren abgelehnt. Das sind 60,4 Prozent. Reutigen hat damit anders abgestimmt als der Kanton Bern, der die Vorlage angenommen hat."
768,47.6,47.6,52.4,"Spiez BE","In Spiez hat die Stimmbevölkerung die Klimafondsinitiative abgelehnt. Das Volksbegehren wurde mit einem Nein-Stimmen-Anteil von 52,4 Prozent verworfen. Spiez hat damit anders abgestimmt als der Kanton Bern, der die Vorlage angenommen hat."
769,39.4,39.4,60.6,"Wimmis BE","Nein zur Klimafondsinitiative in Wimmis. Die Gemeinde hat die Vorlage mit 60,6 Prozent abgelehnt. Wimmis hat damit anders abgestimmt als der Kanton Bern, der die Vorlage angenommen hat."
770,78.6,78.6,21.4,"Stocken-Höfen BE","Ja zur Klimafondsinitiative in Stocken-Höfen. Die Gemeinde hat das Volksbegehren mit 78,6 Prozent der Stimmen angenommen. Stocken-Höfen hat damit gleich wie der Kanton Bern Ja gesagt zu dieser Vorlage."
782,41.9,41.9,58.1,"Guttannen BE","In Guttannen hat die Klimafondsinitiative keine Mehrheit gefunden. Auf 58,1 Prozent der abgegebenen Stimmzettel stand ein Nein. Guttannen hat damit anders abgestimmt als der Kanton Bern, der die Vorlage angenommen hat."
783,60.4,60.4,39.6,"Hasliberg BE","In Hasliberg hat die Stimmbevölkerung der Klimafondsinitiative zugestimmt. Sie wurde mit einem Ja-Stimmen-Anteil von 60,4 Prozent angenommen. Hasliberg hat damit gleich wie der Kanton Bern Ja gesagt zu dieser Vorlage."
784,87.5,87.5,12.5,"Innertkirchen BE","Ja zur Klimafondsinitiative in Innertkirchen: Mit 87,5 Prozent haben die Stimmbürgerinnen und Stimmbürger das Volksbegehren angenommen. Innertkirchen hat damit gleich wie der Kanton Bern Ja gesagt zu dieser Vorlage."
785,79.2,79.2,20.8,"Meiringen BE","Die Stimmbevölkerung von Meiringen hat die Klimafondsinitiative mit 79,2 Prozent angenommen. Meiringen hat damit gleich wie der Kanton Bern Ja gesagt zu dieser Vorlage."
786,5.6,5.6,94.4,"Schattenhalb BE","In Schattenhalb hat die Stimmbevölkerung die Klimafondsinitiative abgelehnt. Das Volksbegehren wurde mit einem Nein-Stimmen-Anteil von 94,4 Prozent verworfen. Schattenhalb hat damit anders abgestimmt als der Kanton Bern, der die Vorlage angenommen hat."
791,72.6,72.6,27.4,"Boltigen BE","Ja zur Klimafondsinitiative in Boltigen: Mit 72,6 Prozent haben die Stimmbürgerinnen und Stimmbürger das Volksbegehren angenommen. Boltigen hat damit gleich wie der Kanton Bern Ja gesagt zu dieser Vorlage."
792,11.5,11.5,88.5,"Lenk BE","Keine Mehrheit für die Klimafondsinitiative in Lenk: Mit 5'237 Nein-Stimmen zu 683 Ja-Stimmen oder 88,5 Prozent hat die Gemeinde das Volksbegehren verworfen. Lenk hat damit anders abgestimmt als der Kanton Bern, der die Vorlage angenommen hat."
793,71.6,71.6,28.4,"St. Stephan BE","Ja zur Klimafondsinitiative in St. Stephan: Mit 71,6 Prozent haben die Stimmbürgerinnen und Stimmbürger das Volksbegehren angenommen. St. Stephan hat damit gleich wie der Kanton Bern Ja gesagt zu dieser Vorlage."
794,68.7,68.7,31.3,"Zweisimmen BE","Die Stimmbevölkerung von Zweisimmen hat die Klimafondsinitiative mit 68,7 Prozent angenommen. Zweisimmen hat damit gleich wie der Kanton Bern Ja gesagt zu dieser Vorlage."
841,51,51,49,"Gsteig BE","51 Prozent der Stimmbürgerinnen und Stimmbürger von Gsteig haben die Klimafondsinitiative angenommen. Gsteig hat damit gleich wie der Kanton Bern Ja gesagt zu dieser Vorlage."
842,49.7,49.7,50.3,"Lauenen BE","Keine Mehrheit für die Klimafondsinitiative in Lauenen: Mit 7'679 Nein-Stimmen zu 7'590 Ja-Stimmen oder 50,3 Prozent hat die Gemeinde das Volksbegehren verworfen. Lauenen hat damit anders abgestimmt als der Kanton Bern, der die Vorlage angenommen hat."
843,27.1,27.1,72.9,"Saanen BE","Saanen hat die Klimafondsinitiative mit 72,9 Prozent abgelehnt. Saanen hat damit anders abgestimmt als der Kanton Bern, der die Vorlage angenommen hat."
852,56,56,44,"Guggisberg BE","Ja zur Klimafondsinitiative in Guggisberg: Mit 56 Prozent haben die Stimmbürgerinnen und Stimmbürger das Volksbegehren angenommen. Guggisberg hat damit gleich wie der Kanton Bern Ja gesagt zu dieser Vorlage."
853,21,21,79,"Rüschegg BE","In Rüschegg hat die Klimafondsinitiative keine Mehrheit gefunden. Auf 79 Prozent der abgegebenen Stimmzettel stand ein Nein. Rüschegg hat damit anders abgestimmt als der Kanton Bern, der die Vorlage angenommen hat."
855,31.1,31.1,68.9,"Schwarzenburg BE","68,9 Prozent der Stimmbürgerinnen und Stimmbürger von Schwarzenburg haben Nein gesagt zur Klimafondsinitiative. Schwarzenburg hat damit anders abgestimmt als der Kanton Bern, der die Vorlage angenommen hat."
861,22.9,22.9,77.1,"Belp BE","In Belp hat die Stimmbevölkerung die Klimafondsinitiative abgelehnt. Das Volksbegehren wurde mit einem Nein-Stimmen-Anteil von 77,1 Prozent verworfen. Belp hat damit anders abgestimmt als der Kanton Bern, der die Vorlage angenommen hat."
863,51.7,51.7,48.3,"Burgistein BE","51,7 Prozent der Abstimmenden in der Gemeinde Burgistein haben Ja gesagt zur Klimafondsinitiative. Burgistein hat damit gleich wie der Kanton Bern Ja gesagt zu dieser Vorlage."
866,42.4,42.4,57.6,"Gerzensee BE","In Gerzensee hat die Klimafondsinitiative keine Mehrheit gefunden. Auf 57,6 Prozent der abgegebenen Stimmzettel stand ein Nein. Gerzensee hat damit anders abgestimmt als der Kanton Bern, der die Vorlage angenommen hat."
867,39.1,39.1,60.9,"Gurzelen BE","In Gurzelen hat die Stimmbevölkerung die Klimafondsinitiative abgelehnt. Das Volksbegehren wurde mit einem Nein-Stimmen-Anteil von 60,9 Prozent verworfen. Gurzelen hat damit anders abgestimmt als der Kanton Bern, der die Vorlage angenommen hat."
868,69.2,69.2,30.8,"Jaberg BE","Ja zur Klimafondsinitiative in Jaberg. Die Gemeinde hat das Volksbegehren mit 69,2 Prozent der Stimmen angenommen. Jaberg hat damit gleich wie der Kanton Bern Ja gesagt zu dieser Vorlage."
869,35.6,35.6,64.4,"Kaufdorf BE","Keine Mehrheit für die Klimafondsinitiative in Kaufdorf: Mit 8'304 Nein-Stimmen zu 4'599 Ja-Stimmen oder 64,4 Prozent hat die Gemeinde das Volksbegehren verworfen. Kaufdorf hat damit anders abgestimmt als der Kanton Bern, der die Vorlage angenommen hat."
870,49,49,51,"Kehrsatz BE","Nein zur Klimafondsinitiative in Kehrsatz. Die Gemeinde hat die Vorlage mit 51 Prozent abgelehnt. Kehrsatz hat damit anders abgestimmt als der Kanton Bern, der die Vorlage angenommen hat."
872,53.5,53.5,46.5,"Kirchdorf BE","Ja zur Klimafondsinitiative in Kirchdorf BE. Die Gemeinde hat das Volksbegehren mit 53,5 Prozent der Stimmen angenommen. Kirchdorf BE hat damit gleich wie der Kanton Bern Ja gesagt zu dieser Vorlage."
879,37.9,37.9,62.1,"Riggisberg BE","62,1 Prozent der Stimmbürgerinnen und Stimmbürger von Riggisberg haben Nein gesagt zur Klimafondsinitiative. Riggisberg hat damit anders abgestimmt als der Kanton Bern, der die Vorlage angenommen hat."
880,24.3,24.3,75.7,"Rüeggisberg BE","Keine Mehrheit für die Klimafondsinitiative in Rüeggisberg: Mit 3'072 Nein-Stimmen zu 988 Ja-Stimmen oder 75,7 Prozent hat die Gemeinde das Volksbegehren verworfen. Rüeggisberg hat damit anders abgestimmt als der Kanton Bern, der die Vorlage angenommen hat."
883,55.5,55.5,44.5,"Seftigen BE","Ja zur Klimafondsinitiative in Seftigen. Die Gemeinde hat das Volksbegehren mit 55,5 Prozent der Stimmen angenommen. Seftigen hat damit gleich wie der Kanton Bern Ja gesagt zu dieser Vorlage."
884,66.4,66.4,33.6,"Toffen BE","66,4 Prozent der Abstimmenden in der Gemeinde Toffen haben Ja gesagt zur Klimafondsinitiative. Toffen hat damit gleich wie der Kanton Bern Ja gesagt zu dieser Vorlage."
885,92.3,92.3,7.7,"Uttigen BE","Die Gemeinde Uttigen hat die Klimafondsinitiative mit 92,3 Prozent Ja-Stimmen angenommen. Uttigen hat damit gleich wie der Kanton Bern Ja gesagt zu dieser Vorlage."
886,2.6,2.6,97.4,"Wattenwil BE","Keine Mehrheit für die Klimafondsinitiative in Wattenwil: Mit 3'619 Nein-Stimmen zu 97 Ja-Stimmen oder 97,4 Prozent hat die Gemeinde das Volksbegehren verworfen. Wattenwil hat damit anders abgestimmt als der Kanton Bern, der die Vorlage angenommen hat."
888,45.9,45.9,54.1,"Wald BE","In Wald BE hat die Klimafondsinitiative keine Mehrheit gefunden. Auf 54,1 Prozent der abgegebenen Stimmzettel stand ein Nein. Wald BE hat damit anders abgestimmt als der Kanton Bern, der die Vorlage angenommen hat."
889,95.9,95.9,4.1,"Thurnen BE","95,9 Prozent der Abstimmenden in der Gemeinde Thurnen haben Ja gesagt zur Klimafondsinitiative. Thurnen hat damit gleich wie der Kanton Bern Ja gesagt zu dieser Vorlage."
901,84,84,16,"Eggiwil BE","Ja zur Klimafondsinitiative in Eggiwil: Mit 84 Prozent haben die Stimmbürgerinnen und Stimmbürger das Volksbegehren angenommen. Eggiwil hat damit gleich wie der Kanton Bern Ja gesagt zu dieser Vorlage."
902,33,33,67,"Langnau im Emmental BE","Langnau im Emmental hat die Klimafondsinitiative mit 67 Prozent abgelehnt. Langnau im Emmental hat damit anders abgestimmt als der Kanton Bern, der die Vorlage angenommen hat."
903,38.6,38.6,61.4,"Lauperswil BE","Keine Mehrheit für die Klimafondsinitiative in Lauperswil: Mit 7'250 Nein-Stimmen zu 4'561 Ja-Stimmen oder 61,4 Prozent hat die Gemeinde das Volksbegehren verworfen. Lauperswil hat damit anders abgestimmt als der Kanton Bern, der die Vorlage angenommen hat."
904,81.7,81.7,18.3,"Röthenbach im Emmental BE","Die Gemeinde Röthenbach im Emmental hat die Klimafondsinitiative mit 81,7 Prozent Ja-Stimmen angenommen. Röthenbach im Emmental hat damit gleich wie der Kanton Bern Ja gesagt zu dieser Vorlage."
905,55.7,55.7,44.3,"Rüderswil BE","Ja zur Klimafondsinitiative in Rüderswil. Die Gemeinde hat das Volksbegehren mit 55,7 Prozent der Stimmen angenommen. Rüderswil hat damit gleich wie der Kanton Bern Ja gesagt zu dieser Vorlage."
906,83.6,83.6,16.4,"Schangnau BE","Die Stimmbevölkerung von Schangnau hat die Klimafondsinitiative mit 83,6 Prozent angenommen. Schangnau hat damit gleich wie der Kanton Bern Ja gesagt zu dieser Vorlage."
907,48.7,48.7,51.3,"Signau BE","In Signau hat die Stimmbevölkerung die Klimafondsinitiative abgelehnt. Das Volksbegehren wurde mit einem Nein-Stimmen-Anteil von 51,3 Prozent verworfen. Signau hat damit anders abgestimmt als der Kanton Bern, der die Vorlage angenommen hat."
908,56,56,44,"Trub BE","Ja zur Klimafondsinitiative in Trub: Mit 56 Prozent haben die Stimmbürgerinnen und Stimmbürger das Volksbegehren angenommen. Trub hat damit gleich wie der Kanton Bern Ja gesagt zu dieser Vorlage."
909,97.5,97.5,2.5,"Trubschachen BE","Ja zur Klimafondsinitiative in Trubschachen. Die Gemeinde hat das Volksbegehren mit 97,5 Prozent der Stimmen angenommen. Trubschachen hat damit gleich wie der Kanton Bern Ja gesagt zu dieser Vorlage."
921,76.4,76.4,23.6,"Amsoldingen BE","In Amsoldingen hat die Stimmbevölkerung der Klimafondsinitiative zugestimmt. Sie wurde mit einem Ja-Stimmen-Anteil von 76,4 Prozent angenommen. Amsoldingen hat damit gleich wie der Kanton Bern Ja gesagt zu dieser Vorlage."
922,96.3,96.3,3.7,"Blumenstein BE","In Blumenstein hat die Stimmbevölkerung der Klimafondsinitiative zugestimmt. Sie wurde mit einem Ja-Stimmen-Anteil von 96,3 Prozent angenommen. Blumenstein hat damit gleich wie der Kanton Bern Ja gesagt zu dieser Vorlage."
923,59.7,59.7,40.3,"Buchholterberg BE","Die Stimmbevölkerung von Buchholterberg hat die Klimafondsinitiative mit 59,7 Prozent angenommen. Buchholterberg hat damit gleich wie der Kanton Bern Ja gesagt zu dieser Vorlage."
924,61.7,61.7,38.3,"Eriz BE","Ja zur Klimafondsinitiative in Eriz: Mit 61,7 Prozent haben die Stimmbürgerinnen und Stimmbürger das Volksbegehren angenommen. Eriz hat damit gleich wie der Kanton Bern Ja gesagt zu dieser Vorlage."
925,1.1,1.1,98.9,"Fahrni BE","98,9 Prozent der Stimmbürgerinnen und Stimmbürger von Fahrni haben Nein gesagt zur Klimafondsinitiative. Fahrni hat damit anders abgestimmt als der Kanton Bern, der die Vorlage angenommen hat."
927,42.9,42.9,57.1,"Heiligenschwendi BE","Nein zur Klimafondsinitiative in Heiligenschwendi: Mit 9'868 Nein- zu 7'417 Ja-Stimmen haben die Stimmbürgerinnen und Stimmbürger das Volksbegehren abgelehnt. Das sind 57,1 Prozent. Heiligenschwendi hat damit anders abgestimmt als der Kanton Bern, der die Vorlage angenommen hat."
928,53.7,53.7,46.3,"Heimberg BE","Die Stimmbevölkerung von Heimberg hat die Klimafondsinitiative mit 53,7 Prozent angenommen. Heimberg hat damit gleich wie der Kanton Bern Ja gesagt zu dieser Vorlage."
929,33,33,67,"Hilterfingen BE","Hilterfingen hat die Klimafondsinitiative mit 67 Prozent abgelehnt. Hilterfingen hat damit anders abgestimmt als der Kanton Bern, der die Vorlage angenommen hat."
931,80.1,80.1,19.9,"Homberg BE","Ja zur Klimafondsinitiative in Homberg: Mit 80,1 Prozent haben die Stimmbürgerinnen und Stimmbürger das Volksbegehren angenommen. Homberg hat damit gleich wie der Kanton Bern Ja gesagt zu dieser Vorlage."
932,19.3,19.3,80.7,"Horrenbach-Buchen BE","Horrenbach-Buchen hat die Klimafondsinitiative mit 80,7 Prozent abgelehnt. Horrenbach-Buchen hat damit anders abgestimmt als der Kanton Bern, der die Vorlage angenommen hat."
934,23.7,23.7,76.3,"Oberhofen am Thunersee BE","In Oberhofen am Thunersee hat die Klimafondsinitiative keine Mehrheit gefunden. Auf 76,3 Prozent der abgegebenen Stimmzettel stand ein Nein. Oberhofen am Thunersee hat damit anders abgestimmt als der Kanton Bern, der die Vorlage angenommen hat."
935,10.9,10.9,89.1,"Oberlangenegg BE","Nein zur Klimafondsinitiative in Oberlangenegg: Mit 3'523 Nein- zu 433 Ja-Stimmen haben die Stimmbürgerinnen und Stimmbürger das Volksbegehren abgelehnt. Das sind 89,1 Prozent. Oberlangenegg hat damit anders abgestimmt als der Kanton Bern, der die Vorlage angenommen hat."
936,68.9,68.9,31.1,"Pohlern BE","In Pohlern hat die Stimmbevölkerung der Klimafondsinitiative zugestimmt. Sie wurde mit einem Ja-Stimmen-Anteil von 68,9 Prozent angenommen. Pohlern hat damit gleich wie der Kanton Bern Ja gesagt zu dieser Vorlage."
938,40.1,40.1,59.9,"Sigriswil BE","Keine Mehrheit für die Klimafondsinitiative in Sigriswil: Mit 6'095 Nein-Stimmen zu 4'078 Ja-Stimmen oder 59,9 Prozent hat die Gemeinde das Volksbegehren verworfen. Sigriswil hat damit anders abgestimmt als der Kanton Bern, der die Vorlage angenommen hat."
939,37.9,37.9,62.1,"Steffisburg BE","62,1 Prozent der Stimmbürgerinnen und Stimmbürger von Steffisburg haben Nein gesagt zur Klimafondsinitiative. Steffisburg hat damit anders abgestimmt als der Kanton Bern, der die Vorlage angenommen hat."
940,64.5,64.5,35.5,"Teuffenthal BE","In Teuffenthal BE hat die Stimmbevölkerung der Klimafondsinitiative zugestimmt. Sie wurde mit einem Ja-Stimmen-Anteil von 64,5 Prozent angenommen. Teuffenthal BE hat damit gleich wie der Kanton Bern Ja gesagt zu dieser Vorlage."
941,52.7,52.7,47.3,"Thierachern BE","52,7 Prozent der Abstimmenden in der Gemeinde Thierachern haben Ja gesagt zur Klimafondsinitiative. Thierachern hat damit gleich wie der Kanton Bern Ja gesagt zu dieser Vorlage."
942,98.7,98.7,1.3,"Thun BE","98,7 Prozent der Stimmbürgerinnen und Stimmbürger von Thun haben die Klimafondsinitiative angenommen. Thun hat damit gleich wie der Kanton Bern Ja gesagt zu dieser Vorlage."
943,78.6,78.6,21.4,"Uebeschi BE","Die Stimmbevölkerung von Uebeschi hat die Klimafondsinitiative mit 78,6 Prozent angenommen. Uebeschi hat damit gleich wie der Kanton Bern Ja gesagt zu dieser Vorlage."
944,20.4,20.4,79.6,"Uetendorf BE","Uetendorf hat die Klimafondsinitiative mit 79,6 Prozent abgelehnt. Uetendorf hat damit anders abgestimmt als der Kanton Bern, der die Vorlage angenommen hat."
945,55,55,45,"Unterlangenegg BE","Ja zur Klimafondsinitiative in Unterlangenegg: Mit 55 Prozent haben die Stimmbürgerinnen und Stimmbürger das Volksbegehren angenommen. Unterlangenegg hat damit gleich wie der Kanton Bern Ja gesagt zu dieser Vorlage."
946,47.2,47.2,52.8,"Wachseldorn BE","Nein zur Klimafondsinitiative in Wachseldorn: Mit 9'574 Nein- zu 8'569 Ja-Stimmen haben die Stimmbürgerinnen und Stimmbürger das Volksbegehren abgelehnt. Das sind 52,8 Prozent. Wachseldorn hat damit anders abgestimmt als der Kanton Bern, der die Vorlage angenommen hat."
948,41.5,41.5,58.5,"Forst-Längenbühl BE","In Forst-Längenbühl hat die Klimafondsinitiative keine Mehrheit gefunden. Auf 58,5 Prozent der abgegebenen Stimmzettel stand ein Nein. Forst-Längenbühl hat damit anders abgestimmt als der Kanton Bern, der die Vorlage angenommen hat."
951,96.4,96.4,3.6,"Affoltern im Emmental BE","96,4 Prozent der Abstimmenden in der Gemeinde Affoltern im Emmental haben Ja gesagt zur Klimafondsinitiative. Affoltern im Emmental hat damit gleich wie der Kanton Bern Ja gesagt zu dieser Vorlage."
952,6,6,94,"Dürrenroth BE","In Dürrenroth hat die Stimmbevölkerung die Klimafondsinitiative abgelehnt. Das Volksbegehren wurde mit einem Nein-Stimmen-Anteil von 94 Prozent verworfen. Dürrenroth hat damit anders abgestimmt als der Kanton Bern, der die Vorlage angenommen hat."
953,76.4,76.4,23.6,"Eriswil BE","Die Gemeinde Eriswil hat die Klimafondsinitiative mit 76,4 Prozent Ja-Stimmen angenommen. Eriswil hat damit gleich wie der Kanton Bern Ja gesagt zu dieser Vorlage."
954,38.6,38.6,61.4,"Huttwil BE","Nein zur Klimafondsinitiative in Huttwil. Die Gemeinde hat die Vorlage mit 61,4 Prozent abgelehnt. Huttwil hat damit anders abgestimmt als der Kanton Bern, der die Vorlage angenommen hat."
955,46.7,46.7,53.3,"Lützelflüh BE","Keine Mehrheit für die Klimafondsinitiative in Lützelflüh: Mit 8'780 Nein-Stimmen zu 7'696 Ja-Stimmen oder 53,3 Prozent hat die Gemeinde das Volksbegehren verworfen. Lützelflüh hat damit anders abgestimmt als der Kanton Bern, der die Vorlage angenommen hat."
956,80.6,80.6,19.4,"Rüegsau BE","Ja zur Klimafondsinitiative in Rüegsau. Die Gemeinde hat das Volksbegehren mit 80,6 Prozent der Stimmen angenommen. Rüegsau hat damit gleich wie der Kanton Bern Ja gesagt zu dieser Vorlage."
957,1.8,1.8,98.2,"Sumiswald BE","Nein zur Klimafondsinitiative in Sumiswald: Mit 609 Nein- zu 11 Ja-Stimmen haben die Stimmbürgerinnen und Stimmbürger das Volksbegehren abgelehnt. Das sind 98,2 Prozent. Sumiswald hat damit anders abgestimmt als der Kanton Bern, der die Vorlage angenommen hat."
958,70.4,70.4,29.6,"Trachselwald BE","Ja zur Klimafondsinitiative in Trachselwald. Die Gemeinde hat das Volksbegehren mit 70,4 Prozent der Stimmen angenommen. Trachselwald hat damit gleich wie der Kanton Bern Ja gesagt zu dieser Vorlage."
959,28,28,72,"Walterswil BE","Walterswil BE hat die Klimafondsinitiative mit 72 Prozent abgelehnt. Walterswil BE hat damit anders abgestimmt als der Kanton Bern, der die Vorlage angenommen hat."
960,32.9,32.9,67.1,"Wyssachen BE","Nein zur Klimafondsinitiative in Wyssachen. Die Gemeinde hat die Vorlage mit 67,1 Prozent abgelehnt. Wyssachen hat damit anders abgestimmt als der Kanton Bern, der die Vorlage angenommen hat."
971,45.9,45.9,54.1,"Attiswil BE","Attiswil hat die Klimafondsinitiative mit 54,1 Prozent abgelehnt. Attiswil hat damit anders abgestimmt als der Kanton Bern, der die Vorlage angenommen hat."
972,36.4,36.4,63.6,"Berken BE","63,6 Prozent der Stimmbürgerinnen und Stimmbürger von Berken haben Nein gesagt zur Klimafondsinitiative. Berken hat damit anders abgestimmt als der Kanton Bern, der die Vorlage angenommen hat."
973,73.7,73.7,26.3,"Bettenhausen BE","Die Stimmbevölkerung von Bettenhausen hat die Klimafondsinitiative mit 73,7 Prozent angenommen. Bettenhausen hat damit gleich wie der Kanton Bern Ja gesagt zu dieser Vorlage."
975,40.8,40.8,59.2,"Farnern BE","Farnern hat die Klimafondsinitiative mit 59,2 Prozent abgelehnt. Farnern hat damit anders abgestimmt als der Kanton Bern, der die Vorlage angenommen hat."
976,56.3,56.3,43.7,"Graben BE","56,3 Prozent der Abstimmenden in der Gemeinde Graben haben Ja gesagt zur Klimafondsinitiative. Graben hat damit gleich wie der Kanton Bern Ja gesagt zu dieser Vorlage."
977,36.6,36.6,63.4,"Heimenhausen BE","Heimenhausen hat die Klimafondsinitiative mit 63,4 Prozent abgelehnt. Heimenhausen hat damit anders abgestimmt als der Kanton Bern, der die Vorlage angenommen hat."
979,44.5,44.5,55.5,"Herzogenbuchsee BE","Herzogenbuchsee hat die Klimafondsinitiative mit 55,5 Prozent abgelehnt. Herzogenbuchsee hat damit anders abgestimmt als der Kanton Bern, der die Vorlage angenommen hat."
980,50.8,50.8,49.2,"Inkwil BE","Die Gemeinde Inkwil hat die Klimafondsinitiative mit 50,8 Prozent Ja-Stimmen angenommen. Inkwil hat damit gleich wie der Kanton Bern Ja gesagt zu dieser Vorlage."
981,52.2,52.2,47.8,"Niederbipp BE","In Niederbipp hat die Stimmbevölkerung der Klimafondsinitiative zugestimmt. Sie wurde mit einem Ja-Stimmen-Anteil von 52,2 Prozent angenommen. Niederbipp hat damit gleich wie der Kanton Bern Ja gesagt zu dieser Vorlage."
982,55.3,55.3,44.7,"Niederönz BE","Ja zur Klimafondsinitiative in Niederönz: Mit 55,3 Prozent haben die Stimmbürgerinnen und Stimmbürger das Volksbegehren angenommen. Niederönz hat damit gleich wie der Kanton Bern Ja gesagt zu dieser Vorlage."
983,60.9,60.9,39.1,"Oberbipp BE","Die Gemeinde Oberbipp hat die Klimafondsinitiative mit 60,9 Prozent Ja-Stimmen angenommen. Oberbipp hat damit gleich wie der Kanton Bern Ja gesagt zu dieser Vorlage."
985,68.4,68.4,31.6,"Ochlenberg BE","Die Gemeinde Ochlenberg hat die Klimafondsinitiative mit 68,4 Prozent Ja-Stimmen angenommen. Ochlenberg hat damit gleich wie der Kanton Bern Ja gesagt zu dieser Vorlage."
987,39.9,39.9,60.1,"Rumisberg BE","Nein zur Klimafondsinitiative in Rumisberg: Mit 9'089 Nein- zu 6'035 Ja-Stimmen haben die Stimmbürgerinnen und Stimmbürger das Volksbegehren abgelehnt. Das sind 60,1 Prozent. Rumisberg hat damit anders abgestimmt als der Kanton Bern, der die Vorlage angenommen hat."
988,64.2,64.2,35.8,"Seeberg BE","In Seeberg hat die Stimmbevölkerung der Klimafondsinitiative zugestimmt. Sie wurde mit einem Ja-Stimmen-Anteil von 64,2 Prozent angenommen. Seeberg hat damit gleich wie der Kanton Bern Ja gesagt zu dieser Vorlage."
989,41.5,41.5,58.5,"Thörigen BE","Thörigen hat die Klimafondsinitiative mit 58,5 Prozent abgelehnt. Thörigen hat damit anders abgestimmt als der Kanton Bern, der die Vorlage angenommen hat."
990,62.8,62.8,37.2,"Walliswil bei Niederbipp BE","62,8 Prozent der Abstimmenden in der Gemeinde Walliswil bei Niederbipp haben Ja gesagt zur Klimafondsinitiative. Walliswil bei Niederbipp hat damit gleich wie der Kanton Bern Ja gesagt zu dieser Vorlage."
991,62.7,62.7,37.3,"Walliswil bei Wangen BE","62,7 Prozent der Stimmbürgerinnen und Stimmbürger von Walliswil bei Wangen haben die Klimafondsinitiative angenommen. Walliswil bei Wangen hat damit gleich wie der Kanton Bern Ja gesagt zu dieser Vorlage."
992,26.7,26.7,73.3,"Wangen an der Aare BE","Nein zur Klimafondsinitiative in Wangen an der Aare: Mit 3'041 Nein- zu 1'110 Ja-Stimmen haben die Stimmbürgerinnen und Stimmbürger das Volksbegehren abgelehnt. Das sind 73,3 Prozent. Wangen an der Aare hat damit anders abgestimmt als der Kanton Bern, der die Vorlage angenommen hat."
995,4.1,4.1,95.9,"Wiedlisbach BE","Nein zur Klimafondsinitiative in Wiedlisbach: Mit 4'090 Nein- zu 175 Ja-Stimmen haben die Stimmbürgerinnen und Stimmbürger das Volksbegehren abgelehnt. Das sind 95,9 Prozent. Wiedlisbach hat damit anders abgestimmt als der Kanton Bern, der die Vorlage angenommen hat."
