"ID","Gemeinde_color","Ja_Stimmen_In_Prozent","Nein_Stimmen_In_Prozent","Gemeinde_it","Text_it"
1,48.7,48.7,51.3,"Aeugst am Albis (ZH)",
2,48,48,52,"Affoltern am Albis (ZH)",
3,90.3,90.3,9.7,"Bonstetten (ZH)",
4,3.1,3.1,96.9,"Hausen am Albis (ZH)",
5,38,38,62,"Hedingen (ZH)",
6,33.1,33.1,66.9,"Kappel am Albis (ZH)",
7,33.8,33.8,66.2,"Knonau (ZH)",
8,80,80,20,"Maschwanden (ZH)",
9,85.9,85.9,14.1,"Mettmenstetten (ZH)",
10,37.3,37.3,62.7,"Obfelden (ZH)",
11,70.5,70.5,29.5,"Ottenbach (ZH)",
12,77.7,77.7,22.3,"Rifferswil (ZH)",
13,38.6,38.6,61.4,"Stallikon (ZH)",
14,74.9,74.9,25.1,"Wettswil am Albis (ZH)",
22,41.7,41.7,58.3,"Benken (ZH)",
23,43.3,43.3,56.7,"Berg am Irchel (ZH)",
24,42.6,42.6,57.4,"Buch am Irchel (ZH)",
25,64.2,64.2,35.8,"Dachsen (ZH)",
26,4.6,4.6,95.4,"Dorf (ZH)",
27,47.2,47.2,52.8,"Feuerthalen (ZH)",
28,76.8,76.8,23.2,"Flaach (ZH)",
29,61.9,61.9,38.1,"Flurlingen (ZH)",
31,0.3,0.3,99.7,"Henggart (ZH)",
33,40.6,40.6,59.4,"Kleinandelfingen (ZH)",
34,54.7,54.7,45.3,"Laufen-Uhwiesen (ZH)",
35,86,86,14,"Marthalen (ZH)",
37,26.5,26.5,73.5,"Ossingen (ZH)",
38,69.3,69.3,30.7,"Rheinau (ZH)",
39,23.7,23.7,76.3,"Thalheim an der Thur (ZH)",
40,54.7,54.7,45.3,"Trüllikon (ZH)",
41,60.3,60.3,39.7,"Truttikon (ZH)",
43,28.6,28.6,71.4,"Volken (ZH)",
51,76.5,76.5,23.5,"Bachenbülach (ZH)",
52,70,70,30,"Bassersdorf (ZH)",
53,48.7,48.7,51.3,"Bülach (ZH)",
54,41.6,41.6,58.4,"Dietlikon (ZH)",
55,32.4,32.4,67.6,"Eglisau (ZH)",
56,43.6,43.6,56.4,"Embrach (ZH)",
57,36.6,36.6,63.4,"Freienstein-Teufen (ZH)",
58,51.7,51.7,48.3,"Glattfelden (ZH)",
59,5.9,5.9,94.1,"Hochfelden (ZH)",
60,53.6,53.6,46.4,"Höri (ZH)",
61,33.8,33.8,66.2,"Hüntwangen (ZH)",
62,36.4,36.4,63.6,"Kloten (ZH)",
63,50,50,50,"Lufingen (ZH)",
64,40,40,60,"Nürensdorf (ZH)",
65,97,97,3,"Oberembrach (ZH)",
66,69.3,69.3,30.7,"Opfikon (ZH)",
67,97.8,97.8,2.2,"Rafz (ZH)",
68,16.8,16.8,83.2,"Rorbas (ZH)",
69,28.4,28.4,71.6,"Wallisellen (ZH)",
70,56,56,44,"Wasterkingen (ZH)",
71,48.1,48.1,51.9,"Wil (ZH)",
72,62.7,62.7,37.3,"Winkel (ZH)",
81,67.1,67.1,32.9,"Bachs (ZH)",
82,66.7,66.7,33.3,"Boppelsen (ZH)",
83,40,40,60,"Buchs (ZH)",
84,43.5,43.5,56.5,"Dällikon (ZH)",
85,92.6,92.6,7.4,"Dänikon (ZH)",
86,39.8,39.8,60.2,"Dielsdorf (ZH)",
87,77.8,77.8,22.2,"Hüttikon (ZH)",
88,52.5,52.5,47.5,"Neerach (ZH)",
89,26.2,26.2,73.8,"Niederglatt (ZH)",
90,41.4,41.4,58.6,"Niederhasli (ZH)",
91,48.5,48.5,51.5,"Niederweningen (ZH)",
92,2.7,2.7,97.3,"Oberglatt (ZH)",
93,54.5,54.5,45.5,"Oberweningen (ZH)",
94,30.7,30.7,69.3,"Otelfingen (ZH)",
95,69.3,69.3,30.7,"Regensberg (ZH)",
96,43.2,43.2,56.8,"Regensdorf (ZH)",
97,45.9,45.9,54.1,"Rümlang (ZH)",
98,73.9,73.9,26.1,"Schleinikon (ZH)",
99,18,18,82,"Schöfflisdorf (ZH)",
100,3.9,3.9,96.1,"Stadel (ZH)",
101,32.2,32.2,67.8,"Steinmaur (ZH)",
102,46.8,46.8,53.2,"Weiach (ZH)",
111,55.2,55.2,44.8,"Bäretswil (ZH)",
112,37.2,37.2,62.8,"Bubikon (ZH)",
113,53.1,53.1,46.9,"Dürnten (ZH)",
114,56.7,56.7,43.3,"Fischenthal (ZH)",
115,45.9,45.9,54.1,"Gossau (ZH)",
116,85.4,85.4,14.6,"Grüningen (ZH)",
117,30.3,30.3,69.7,"Hinwil (ZH)",
118,56.9,56.9,43.1,"Rüti (ZH)",
119,25.5,25.5,74.5,"Seegräben (ZH)",
120,38.9,38.9,61.1,"Wald (ZH)",
121,35.9,35.9,64.1,"Wetzikon (ZH)",
131,72.6,72.6,27.4,"Adliswil (ZH)",
135,44.7,44.7,55.3,"Kilchberg (ZH)",
136,64.2,64.2,35.8,"Langnau am Albis (ZH)",
137,33.3,33.3,66.7,"Oberrieden (ZH)",
138,66.2,66.2,33.8,"Richterswil (ZH)",
139,38.7,38.7,61.3,"Rüschlikon (ZH)",
141,43.9,43.9,56.1,"Thalwil (ZH)",
151,63.8,63.8,36.2,"Erlenbach (ZH)",
152,38.5,38.5,61.5,"Herrliberg (ZH)",
153,71.1,71.1,28.9,"Hombrechtikon (ZH)",
154,51.9,51.9,48.1,"Küsnacht (ZH)",
155,24.8,24.8,75.2,"Männedorf (ZH)",
156,39.4,39.4,60.6,"Meilen (ZH)",
157,78.8,78.8,21.2,"Oetwil am See (ZH)",
158,79.8,79.8,20.2,"Stäfa (ZH)",
159,55.4,55.4,44.6,"Uetikon am See (ZH)",
160,38.3,38.3,61.7,"Zumikon (ZH)",
161,44.3,44.3,55.7,"Zollikon (ZH)",
172,2.4,2.4,97.6,"Fehraltorf (ZH)",
173,33.4,33.4,66.6,"Hittnau (ZH)",
176,50.5,50.5,49.5,"Lindau (ZH)",
177,23.5,23.5,76.5,"Pfäffikon (ZH)",
178,2.5,2.5,97.5,"Russikon (ZH)",
180,43.3,43.3,56.7,"Weisslingen (ZH)",
181,46.6,46.6,53.4,"Wila (ZH)",
182,12.3,12.3,87.7,"Wildberg (ZH)",
191,22.6,22.6,77.4,"Dübendorf (ZH)",
192,47.7,47.7,52.3,"Egg (ZH)",
193,60.3,60.3,39.7,"Fällanden (ZH)",
194,49.2,49.2,50.8,"Greifensee (ZH)",
195,72,72,28,"Maur (ZH)",
196,6.4,6.4,93.6,"Mönchaltorf (ZH)",
197,51.5,51.5,48.5,"Schwerzenbach (ZH)",
198,79.5,79.5,20.5,"Uster (ZH)",
199,78.9,78.9,21.1,"Volketswil (ZH)",
200,66.5,66.5,33.5,"Wangen-Brüttisellen (ZH)",
211,33.3,33.3,66.7,"Altikon (ZH)",
213,54.1,54.1,45.9,"Brütten (ZH)",
214,40.1,40.1,59.9,"Dägerlen (ZH)",
215,92.9,92.9,7.1,"Dättlikon (ZH)",
216,4.6,4.6,95.4,"Dinhard (ZH)",
218,99,99,1,"Ellikon an der Thur (ZH)",
219,74.2,74.2,25.8,"Elsau (ZH)",
220,24,24,76,"Hagenbuch (ZH)",
221,37.4,37.4,62.6,"Hettlingen (ZH)",
223,28.1,28.1,71.9,"Neftenbach (ZH)",
224,6.4,6.4,93.6,"Pfungen (ZH)",
225,67,67,33,"Rickenbach (ZH)",
226,14.4,14.4,85.6,"Schlatt (ZH)",
227,43.9,43.9,56.1,"Seuzach (ZH)",
228,40.1,40.1,59.9,"Turbenthal (ZH)",
230,8.1,8.1,91.9,"Winterthour (ZH)",
231,23.9,23.9,76.1,"Zell (ZH)",
241,35.5,35.5,64.5,"Aesch (ZH)",
242,53.9,53.9,46.1,"Birmensdorf (ZH)",
243,86.6,86.6,13.4,"Dietikon (ZH)",
244,55.7,55.7,44.3,"Geroldswil (ZH)",
245,64,64,36,"Oberengstringen (ZH)",
246,48,48,52,"Oetwil an der Limmat (ZH)",
247,52.1,52.1,47.9,"Schlieren (ZH)",
248,69,69,31,"Uitikon (ZH)",
249,86.5,86.5,13.5,"Unterengstringen (ZH)",
250,58.8,58.8,41.2,"Urdorf (ZH)",
251,10.1,10.1,89.9,"Weiningen (ZH)",
261,42.6,42.6,57.4,"Zurigo (ZH)",
291,14,14,86,"Andelfingen (ZH)",
292,47.6,47.6,52.4,"Stammheim (ZH)",
293,70.8,70.8,29.2,"Wädenswil (ZH)",
294,72.7,72.7,27.3,"Elgg (ZH)",
295,53.6,53.6,46.4,"Horgen (ZH)",
296,92.1,92.1,7.9,"Illnau-Effretikon (ZH)",
297,32.6,32.6,67.4,"Bauma (ZH)",
298,66.3,66.3,33.7,"Wiesendangen (ZH)",
301,39,39,61,"Aarberg (BE)",
302,45.9,45.9,54.1,"Bargen (BE)",
303,67.4,67.4,32.6,"Grossaffoltern (BE)",
304,79.6,79.6,20.4,"Kallnach (BE)",
305,38.2,38.2,61.8,"Kappelen (BE)",
306,75.8,75.8,24.2,"Lyss (BE)",
307,38.3,38.3,61.7,"Meikirch (BE)",
309,73.6,73.6,26.4,"Radelfingen (BE)",
310,98.8,98.8,1.2,"Rapperswil (BE)",
311,64,64,36,"Schüpfen (BE)",
312,6.6,6.6,93.4,"Seedorf (BE)",
321,32.4,32.4,67.6,"Aarwangen (BE)",
322,36.6,36.6,63.4,"Auswil (BE)",
323,34.8,34.8,65.2,"Bannwil (BE)",
324,98.1,98.1,1.9,"Bleienbach (BE)",
325,43,43,57,"Busswil bei Melchnau (BE)",
326,55.7,55.7,44.3,"Gondiswil (BE)",
329,65.9,65.9,34.1,"Langenthal (BE)",
331,39.2,39.2,60.8,"Lotzwil (BE)",
332,52.8,52.8,47.2,"Madiswil (BE)",
333,37.6,37.6,62.4,"Melchnau (BE)",
335,64.3,64.3,35.7,"Oeschenbach (BE)",
336,3.3,3.3,96.7,"Reisiswil (BE)",
337,39.6,39.6,60.4,"Roggwil (BE)",
338,31.7,31.7,68.3,"Rohrbach (BE)",
339,39.5,39.5,60.5,"Rohrbachgraben (BE)",
340,48.3,48.3,51.7,"Rütschelen (BE)",
341,56.4,56.4,43.6,"Schwarzhäusern (BE)",
342,45.5,45.5,54.5,"Thunstetten (BE)",
344,35.3,35.3,64.7,"Ursenbach (BE)",
345,9.8,9.8,90.2,"Wynau (BE)",
351,39.1,39.1,60.9,"Berna (BE)",
352,67,67,33,"Bolligen (BE)",
353,6.5,6.5,93.5,"Bremgarten bei Bern (BE)",
354,77.2,77.2,22.8,"Kirchlindach (BE)",
355,16.7,16.7,83.3,"Köniz (BE)",
356,61.7,61.7,38.3,"Muri bei Bern (BE)",
357,57.8,57.8,42.2,"Oberbalm (BE)",
358,88.4,88.4,11.6,"Stettlen (BE)",
359,46.5,46.5,53.5,"Vechigen (BE)",
360,86.3,86.3,13.7,"Wohlen bei Bern (BE)",
361,65.8,65.8,34.2,"Zollikofen (BE)",
362,60,60,40,"Ittigen (BE)",
363,69,69,31,"Ostermundigen (BE)",
371,29.5,29.5,70.5,"Bienne (BE)",
372,42.9,42.9,57.1,"Evilard (BE)",
381,43,43,57,"Arch (BE)",
382,28.2,28.2,71.8,"Büetigen (BE)",
383,66.4,66.4,33.6,"Büren an der Aare (BE)",
385,52,52,48,"Diessbach bei Büren (BE)",
386,13.4,13.4,86.6,"Dotzigen (BE)",
387,58.7,58.7,41.3,"Longeau (BE)",
388,15.9,15.9,84.1,"Leuzigen (BE)",
390,30,30,70,"Meinisberg (BE)",
391,19.9,19.9,80.1,"Oberwil bei Büren (BE)",
392,77.6,77.6,22.4,"Perles (BE)",
393,40,40,60,"Rüti bei Büren (BE)",
394,50.6,50.6,49.4,"Wengi (BE)",
401,70.5,70.5,29.5,"Aefligen (BE)",
402,23.7,23.7,76.3,"Alchenstorf (BE)",
403,65.2,65.2,34.8,"Bäriswil (BE)",
404,31.1,31.1,68.9,"Berthoud (BE)",
405,37.3,37.3,62.7,"Ersigen (BE)",
406,59.3,59.3,40.7,"Hasle bei Burgdorf (BE)",
407,50.6,50.6,49.4,"Heimiswil (BE)",
409,62.6,62.6,37.4,"Hindelbank (BE)",
410,49.4,49.4,50.6,"Höchstetten (BE)",
411,41.5,41.5,58.5,"Kernenried (BE)",
412,26.9,26.9,73.1,"Kirchberg (BE)",
413,59,59,41,"Koppigen (BE)",
414,51.2,51.2,48.8,"Krauchthal (BE)",
415,18.5,18.5,81.5,"Lyssach (BE)",
418,68,68,32,"Oberburg (BE)",
420,18,18,82,"Rüdtligen-Alchenflüh (BE)",
421,69.2,69.2,30.8,"Rumendingen (BE)",
422,53.4,53.4,46.6,"Rüti bei Lyssach (BE)",
423,57.5,57.5,42.5,"Willadingen (BE)",
424,63,63,37,"Wynigen (BE)",
431,73,73,27,"Corgémont (BE)",
432,29.5,29.5,70.5,"Cormoret (BE)",
433,46.1,46.1,53.9,"Cortébert (BE)",
434,77.1,77.1,22.9,"Courtelary (BE)",
435,48.6,48.6,51.4,"La Ferrière (BE)",
437,94.5,94.5,5.5,"Mont-Tramelan (BE)",
438,54,54,46,"Orvin (BE)",
441,7.9,7.9,92.1,"Renan (BE)",
442,79.4,79.4,20.6,"Romont (BE)",
443,25.4,25.4,74.6,"Saint-Imier (BE)",
444,53.8,53.8,46.2,"Sonceboz-Sombeval (BE)",
445,50.2,50.2,49.8,"Sonvilier (BE)",
446,55.2,55.2,44.8,"Tramelan (BE)",
448,18.2,18.2,81.8,"Villeret (BE)",
449,44.7,44.7,55.3,"Sauge (BE)",
450,18.7,18.7,81.3,"Péry-La Heutte (BE)",
491,23,23,77,"Brüttelen (BE)",
492,6.8,6.8,93.2,"Cerlier (BE)",
493,55.8,55.8,44.2,"Finsterhennen (BE)",
494,52.7,52.7,47.3,"Gals (BE)",
495,33.3,33.3,66.7,"Gampelen (BE)",
496,57.1,57.1,42.9,"Anet (BE)",
497,50.4,50.4,49.6,"Lüscherz (BE)",
498,97.4,97.4,2.6,"Müntschemier (BE)",
499,76.4,76.4,23.6,"Siselen (BE)",
500,38.2,38.2,61.8,"Treiten (BE)",
501,28.6,28.6,71.4,"Tschugg (BE)",
502,87.1,87.1,12.9,"Vinelz (BE)",
533,28.9,28.9,71.1,"Bätterkinden (BE)",
538,51.8,51.8,48.2,"Fraubrunnen (BE)",
540,41.7,41.7,58.3,"Jegenstorf (BE)",
541,58.3,58.3,41.7,"Iffwil (BE)",
543,27.1,27.1,72.9,"Mattstetten (BE)",
544,16.5,16.5,83.5,"Moosseedorf (BE)",
546,22.6,22.6,77.4,"Münchenbuchsee (BE)",
551,59.3,59.3,40.7,"Urtenen-Schönbühl (BE)",
552,79.5,79.5,20.5,"Utzenstorf (BE)",
553,54.2,54.2,45.8,"Wiggiswil (BE)",
554,24.9,24.9,75.1,"Wiler bei Utzenstorf (BE)",
556,94.8,94.8,5.2,"Zielebach (BE)",
557,23.9,23.9,76.1,"Zuzwil (BE)",
561,82.6,82.6,17.4,"Adelboden (BE)",
562,60.6,60.6,39.4,"Aeschi bei Spiez (BE)",
563,66.3,66.3,33.7,"Frutigen (BE)",
564,30,30,70,"Kandergrund (BE)",
565,68.5,68.5,31.5,"Kandersteg (BE)",
566,8.6,8.6,91.4,"Krattigen (BE)",
567,39.9,39.9,60.1,"Reichenbach im Kandertal (BE)",
571,58.9,58.9,41.1,"Beatenberg (BE)",
572,42,42,58,"Bönigen (BE)",
573,36.1,36.1,63.9,"Brienz (BE)",
574,95.9,95.9,4.1,"Brienzwiler (BE)",
575,69.7,69.7,30.3,"Därligen (BE)",
576,50.1,50.1,49.9,"Grindelwald (BE)",
577,58.9,58.9,41.1,"Gsteigwiler (BE)",
578,44.8,44.8,55.2,"Gündlischwand (BE)",
579,11.4,11.4,88.6,"Habkern (BE)",
580,21.9,21.9,78.1,"Hofstetten bei Brienz (BE)",
581,78.7,78.7,21.3,"Interlaken (BE)",
582,44.9,44.9,55.1,"Iseltwald (BE)",
584,2.9,2.9,97.1,"Lauterbrunnen (BE)",
585,72.6,72.6,27.4,"Leissigen (BE)",
586,16.4,16.4,83.6,"Lütschental (BE)",
587,55.1,55.1,44.9,"Matten bei Interlaken (BE)",
588,63.3,63.3,36.7,"Niederried bei Interlaken (BE)",
589,84.1,84.1,15.9,"Oberried am Brienzersee (BE)",
590,90.9,90.9,9.1,"Ringgenberg (BE)",
591,4.5,4.5,95.5,"Saxeten (BE)",
592,91.5,91.5,8.5,"Schwanden bei Brienz (BE)",
593,64.7,64.7,35.3,"Unterseen (BE)",
594,47.7,47.7,52.3,"Wilderswil (BE)",
602,9.5,9.5,90.5,"Arni (BE)",
603,69.4,69.4,30.6,"Biglen (BE)",
605,48.3,48.3,51.7,"Bowil (BE)",
606,62.6,62.6,37.4,"Brenzikofen (BE)",
607,35.9,35.9,64.1,"Freimettigen (BE)",
608,49.2,49.2,50.8,"Grosshöchstetten (BE)",
609,15.4,15.4,84.6,"Häutligen (BE)",
610,46.1,46.1,53.9,"Herbligen (BE)",
611,24.6,24.6,75.4,"Kiesen (BE)",
612,43.9,43.9,56.1,"Konolfingen (BE)",
613,61,61,39,"Landiswil (BE)",
614,50.8,50.8,49.2,"Linden (BE)",
615,97.8,97.8,2.2,"Mirchel (BE)",
616,46.9,46.9,53.1,"Münsingen (BE)",
617,38.8,38.8,61.2,"Niederhünigen (BE)",
619,26.3,26.3,73.7,"Oberdiessbach (BE)",
620,43.5,43.5,56.5,"Oberthal (BE)",
622,51.6,51.6,48.4,"Oppligen (BE)",
623,3.4,3.4,96.6,"Rubigen (BE)",
626,21.6,21.6,78.4,"Walkringen (BE)",
627,4.2,4.2,95.8,"Worb (BE)",
628,74.4,74.4,25.6,"Zäziwil (BE)",
630,26,26,74,"Allmendingen (BE)",
632,34.5,34.5,65.5,"Wichtrach (BE)",
662,52.8,52.8,47.2,"Ferenbalm (BE)",
663,95.1,95.1,4.9,"Frauenkappelen (BE)",
665,42.1,42.1,57.9,"Gurbrü (BE)",
666,87.3,87.3,12.7,"Kriechenwil (BE)",
667,44.2,44.2,55.8,"Laupen (BE)",
668,58.6,58.6,41.4,"Mühleberg (BE)",
669,71.8,71.8,28.2,"Villars-les-Moines (BE)",
670,59.5,59.5,40.5,"Neuenegg (BE)",
671,66.2,66.2,33.8,"Wileroltigen (BE)",
681,18.5,18.5,81.5,"Belprahon (BE)",
683,97.3,97.3,2.7,"Champoz (BE)",
687,26.5,26.5,73.5,"Corcelles (BE)",
690,70.9,70.9,29.1,"Court (BE)",
691,62.7,62.7,37.3,"Crémines (BE)",
692,54.8,54.8,45.2,"Eschert (BE)",
694,84,84,16,"Grandval (BE)",
696,55.5,55.5,44.5,"Loveresse (BE)",
701,21.1,21.1,78.9,"Perrefitte (BE)",
703,46.7,46.7,53.3,"Reconvilier (BE)",
704,36.1,36.1,63.9,"Roches (BE)",
706,88.4,88.4,11.6,"Saicourt (BE)",
707,89.9,89.9,10.1,"Saules (BE)",
708,45,45,55,"La Scheulte (BE)",
709,86.5,86.5,13.5,"Seehof (BE)",
711,30.4,30.4,69.6,"Sorvilier (BE)",
713,66.2,66.2,33.8,"Tavannes (BE)",
715,50.5,50.5,49.5,"Rebévelier (BE)",
716,98.1,98.1,1.9,"Petit-Val (BE)",
717,57,57,43,"Valbirse (BE)",
723,42.6,42.6,57.4,"La Neuveville (BE)",
724,7,7,93,"Nods (BE)",
726,15.4,15.4,84.6,"Plateau de Diesse (BE)",
731,44.8,44.8,55.2,"Aegerten (BE)",
732,61,61,39,"Bellmund (BE)",
733,63.3,63.3,36.7,"Brügg (BE)",
734,44.5,44.5,55.5,"Bühl (BE)",
735,36,36,64,"Epsach (BE)",
736,86.5,86.5,13.5,"Hagneck (BE)",
737,21.3,21.3,78.7,"Hermrigen (BE)",
738,43.3,43.3,56.7,"Jens (BE)",
739,22.2,22.2,77.8,"Ipsach (BE)",
740,13.6,13.6,86.4,"Gléresse (BE)",
741,95.4,95.4,4.6,"Merzligen (BE)",
742,34.9,34.9,65.1,"Mörigen (BE)",
743,50.2,50.2,49.8,"Nidau (BE)",
744,65.7,65.7,34.3,"Orpund (BE)",
745,57.1,57.1,42.9,"Port (BE)",
746,43.4,43.4,56.6,"Safnern (BE)",
747,42.6,42.6,57.4,"Scheuren (BE)",
748,60.7,60.7,39.3,"Schwadernau (BE)",
749,39.2,39.2,60.8,"Studen (BE)",
750,45.5,45.5,54.5,"Sutz-Lattrigen (BE)",
751,43.1,43.1,56.9,"Täuffelen (BE)",
754,56.5,56.5,43.5,"Walperswil (BE)",
755,61.8,61.8,38.2,"Worben (BE)",
756,28.2,28.2,71.8,"Douanne-Daucher (BE)",
761,53.8,53.8,46.2,"Därstetten (BE)",
762,86.5,86.5,13.5,"Diemtigen (BE)",
763,93.6,93.6,6.4,"Erlenbach im Simmental (BE)",
766,17.8,17.8,82.2,"Oberwil im Simmental (BE)",
767,45.7,45.7,54.3,"Reutigen (BE)",
768,65.2,65.2,34.8,"Spiez (BE)",
769,64.3,64.3,35.7,"Wimmis (BE)",
770,33.8,33.8,66.2,"Stocken-Höfen (BE)",
782,48.1,48.1,51.9,"Guttannen (BE)",
783,3.1,3.1,96.9,"Hasliberg (BE)",
784,76.3,76.3,23.7,"Innertkirchen (BE)",
785,43.7,43.7,56.3,"Meiringen (BE)",
786,64,64,36,"Schattenhalb (BE)",
791,48.7,48.7,51.3,"Boltigen (BE)",
792,4.1,4.1,95.9,"Lenk (BE)",
793,95.6,95.6,4.4,"Saint-Etienne (BE)",
794,70.4,70.4,29.6,"Zweisimmen (BE)",
841,17.8,17.8,82.2,"Gsteig (BE)",
842,50.1,50.1,49.9,"Lauenen (BE)",
843,53.5,53.5,46.5,"Gessenay (BE)",
852,59.8,59.8,40.2,"Guggisberg (BE)",
853,58.1,58.1,41.9,"Rüschegg (BE)",
855,80.6,80.6,19.4,"Schwarzenburg (BE)",
861,97.6,97.6,2.4,"Belp (BE)",
863,86.3,86.3,13.7,"Burgistein (BE)",
866,52.5,52.5,47.5,"Gerzensee (BE)",
867,56.7,56.7,43.3,"Gurzelen (BE)",
868,4.7,4.7,95.3,"Jaberg (BE)",
869,2.9,2.9,97.1,"Kaufdorf (BE)",
870,29.3,29.3,70.7,"Kehrsatz (BE)",
872,95.9,95.9,4.1,"Kirchdorf (BE)",
879,85.6,85.6,14.4,"Riggisberg (BE)",
880,54,54,46,"Rüeggisberg (BE)",
883,96.6,96.6,3.4,"Seftigen (BE)",
884,77.6,77.6,22.4,"Toffen (BE)",
885,16.9,16.9,83.1,"Uttigen (BE)",
886,47.6,47.6,52.4,"Wattenwil (BE)",
888,51.9,51.9,48.1,"Wald (BE)",
889,54,54,46,"Thurnen (BE)",
901,46.6,46.6,53.4,"Eggiwil (BE)",
902,57.8,57.8,42.2,"Langnau im Emmental (BE)",
903,40,40,60,"Lauperswil (BE)",
904,62.1,62.1,37.9,"Röthenbach im Emmental (BE)",
905,93.1,93.1,6.9,"Rüderswil (BE)",
906,68.2,68.2,31.8,"Schangnau (BE)",
907,60.9,60.9,39.1,"Signau (BE)",
908,71.3,71.3,28.7,"Trub (BE)",
909,89,89,11,"Trubschachen (BE)",
921,73,73,27,"Amsoldingen (BE)",
922,42.6,42.6,57.4,"Blumenstein (BE)",
923,97.2,97.2,2.8,"Buchholterberg (BE)",
924,25.7,25.7,74.3,"Eriz (BE)",
925,71.1,71.1,28.9,"Fahrni (BE)",
927,11.4,11.4,88.6,"Heiligenschwendi (BE)",
928,35.4,35.4,64.6,"Heimberg (BE)",
929,41.4,41.4,58.6,"Hilterfingen (BE)",
931,49.9,49.9,50.1,"Homberg (BE)",
932,75.6,75.6,24.4,"Horrenbach-Buchen (BE)",
934,86.9,86.9,13.1,"Oberhofen am Thunersee (BE)",
935,60.6,60.6,39.4,"Oberlangenegg (BE)",
936,43.2,43.2,56.8,"Pohlern (BE)",
938,36.8,36.8,63.2,"Sigriswil (BE)",
939,51.6,51.6,48.4,"Steffisburg (BE)",
940,72.4,72.4,27.6,"Teuffenthal (BE)",
941,74.5,74.5,25.5,"Thierachern (BE)",
942,68.7,68.7,31.3,"Thoune (BE)",
943,93.9,93.9,6.1,"Uebeschi (BE)",
944,39.2,39.2,60.8,"Uetendorf (BE)",
945,50.9,50.9,49.1,"Unterlangenegg (BE)",
946,28,28,72,"Wachseldorn (BE)",
948,48.6,48.6,51.4,"Forst-Längenbühl (BE)",
951,65.5,65.5,34.5,"Affoltern im Emmental (BE)",
952,51.6,51.6,48.4,"Dürrenroth (BE)",
953,84.5,84.5,15.5,"Eriswil (BE)",
954,41.2,41.2,58.8,"Huttwil (BE)",
955,26.6,26.6,73.4,"Lützelflüh (BE)",
956,32.2,32.2,67.8,"Rüegsau (BE)",
957,31.7,31.7,68.3,"Sumiswald (BE)",
958,56.4,56.4,43.6,"Trachselwald (BE)",
959,75.7,75.7,24.3,"Walterswil (BE)",
960,57.3,57.3,42.7,"Wyssachen (BE)",
971,11.3,11.3,88.7,"Attiswil (BE)",
972,93.5,93.5,6.5,"Berken (BE)",
973,51.6,51.6,48.4,"Bettenhausen (BE)",
975,57.8,57.8,42.2,"Farnern (BE)",
976,39.7,39.7,60.3,"Graben (BE)",
977,97.8,97.8,2.2,"Heimenhausen (BE)",
979,73.5,73.5,26.5,"Herzogenbuchsee (BE)",
980,87.8,87.8,12.2,"Inkwil (BE)",
981,68.9,68.9,31.1,"Niederbipp (BE)",
982,65.1,65.1,34.9,"Niederönz (BE)",
983,26.6,26.6,73.4,"Oberbipp (BE)",
985,53.8,53.8,46.2,"Ochlenberg (BE)",
987,61,61,39,"Rumisberg (BE)",
988,35.8,35.8,64.2,"Seeberg (BE)",
989,50.6,50.6,49.4,"Thörigen (BE)",
990,75.3,75.3,24.7,"Walliswil bei Niederbipp (BE)",
991,41.2,41.2,58.8,"Walliswil bei Wangen (BE)",
992,48.7,48.7,51.3,"Wangen an der Aare (BE)",
995,58.7,58.7,41.3,"Wiedlisbach (BE)",
1001,67.3,67.3,32.7,"Doppleschwand (LU)",
1002,6.7,6.7,93.3,"Entlebuch (LU)",
1004,10.1,10.1,89.9,"Flühli (LU)",
1005,42.4,42.4,57.6,"Hasle (LU)",
1007,77.2,77.2,22.8,"Romoos (LU)",
1008,14.6,14.6,85.4,"Schüpfheim (LU)",
1009,97.9,97.9,2.1,"Werthenstein (LU)",
1010,17.4,17.4,82.6,"Escholzmatt-Marbach (LU)",
1021,56.9,56.9,43.1,"Aesch (LU)",
1023,74.4,74.4,25.6,"Ballwil (LU)",
1024,98.5,98.5,1.5,"Emmen (LU)",
1025,82.8,82.8,17.2,"Ermensee (LU)",
1026,73.1,73.1,26.9,"Eschenbach (LU)",
1030,67.2,67.2,32.8,"Hitzkirch (LU)",
1031,69.9,69.9,30.1,"Hochdorf (LU)",
1032,96,96,4,"Hohenrain (LU)",
1033,88.2,88.2,11.8,"Inwil (LU)",
1037,51.9,51.9,48.1,"Rain (LU)",
1039,12.9,12.9,87.1,"Römerswil (LU)",
1040,26.8,26.8,73.2,"Rothenburg (LU)",
1041,60.3,60.3,39.7,"Schongau (LU)",
1051,95.4,95.4,4.6,"Adligenswil (LU)",
1052,76.1,76.1,23.9,"Buchrain (LU)",
1053,6.6,6.6,93.4,"Dierikon (LU)",
1054,66.8,66.8,33.2,"Ebikon (LU)",
1055,99.5,99.5,0.5,"Gisikon (LU)",
1056,91.9,91.9,8.1,"Greppen (LU)",
1058,50.1,50.1,49.9,"Horw (LU)",
1059,58.4,58.4,41.6,"Kriens (LU)",
1061,7.7,7.7,92.3,"Lucerna (LU)",
1062,40.6,40.6,59.4,"Malters (LU)",
1063,45.8,45.8,54.2,"Meggen (LU)",
1064,33,33,67,"Meierskappel (LU)",
1065,37.2,37.2,62.8,"Root (LU)",
1066,75.9,75.9,24.1,"Schwarzenberg (LU)",
1067,68.4,68.4,31.6,"Udligenswil (LU)",
1068,53.2,53.2,46.8,"Vitznau (LU)",
1069,83.9,83.9,16.1,"Weggis (LU)",
1081,50.5,50.5,49.5,"Beromünster (LU)",
1082,67.7,67.7,32.3,"Büron (LU)",
1083,84.8,84.8,15.2,"Buttisholz (LU)",
1084,22.1,22.1,77.9,"Eich (LU)",
1085,63.1,63.1,36.9,"Geuensee (LU)",
1086,55.5,55.5,44.5,"Grosswangen (LU)",
1088,29.1,29.1,70.9,"Hildisrieden (LU)",
1089,40.7,40.7,59.3,"Knutwil (LU)",
1091,98.1,98.1,1.9,"Mauensee (LU)",
1093,29.8,29.8,70.2,"Neuenkirch (LU)",
1094,38.2,38.2,61.8,"Nottwil (LU)",
1095,34.8,34.8,65.2,"Oberkirch (LU)",
1097,62.4,62.4,37.6,"Rickenbach (LU)",
1098,57.9,57.9,42.1,"Ruswil (LU)",
1099,55.3,55.3,44.7,"Schenkon (LU)",
1100,68,68,32,"Schlierbach (LU)",
1102,4.9,4.9,95.1,"Sempach (LU)",
1103,54,54,46,"Sursee (LU)",
1104,22.9,22.9,77.1,"Triengen (LU)",
1107,37.5,37.5,62.5,"Wolhusen (LU)",
1121,44.4,44.4,55.6,"Alberswil (LU)",
1122,70.2,70.2,29.8,"Altbüron (LU)",
1123,27.5,27.5,72.5,"Altishofen (LU)",
1125,43.1,43.1,56.9,"Dagmersellen (LU)",
1127,16.7,16.7,83.3,"Egolzwil (LU)",
1128,59.6,59.6,40.4,"Ettiswil (LU)",
1129,48,48,52,"Fischbach (LU)",
1131,35.7,35.7,64.3,"Grossdietwil (LU)",
1132,52.6,52.6,47.4,"Hergiswil bei Willisau (LU)",
1135,35.8,35.8,64.2,"Luthern (LU)",
1136,53,53,47,"Menznau (LU)",
1137,13.4,13.4,86.6,"Nebikon (LU)",
1139,48.4,48.4,51.6,"Pfaffnau (LU)",
1140,34.1,34.1,65.9,"Reiden (LU)",
1142,24.6,24.6,75.4,"Roggliswil (LU)",
1143,18.7,18.7,81.3,"Schötz (LU)",
1145,15.5,15.5,84.5,"Ufhusen (LU)",
1146,90.9,90.9,9.1,"Wauwil (LU)",
1147,40.8,40.8,59.2,"Wikon (LU)",
1150,51.3,51.3,48.7,"Zell (LU) (LU)",
1151,65.1,65.1,34.9,"Willisau (LU)",
1201,62.4,62.4,37.6,"Altdorf (UR)",
1202,10.6,10.6,89.4,"Andermatt (UR)",
1203,50.3,50.3,49.7,"Attinghausen (UR)",
1205,42.5,42.5,57.5,"Bürglen (UR) (UR)",
1206,80.3,80.3,19.7,"Erstfeld (UR)",
1207,40.6,40.6,59.4,"Flüelen (UR)",
1208,57.3,57.3,42.7,"Göschenen (UR)",
1209,6.9,6.9,93.1,"Gurtnellen (UR)",
1210,52.3,52.3,47.7,"Hospental (UR)",
1211,41.1,41.1,58.9,"Isenthal (UR)",
1212,11.1,11.1,88.9,"Realp (UR)",
1213,27.7,27.7,72.3,"Schattdorf (UR)",
1214,8.2,8.2,91.8,"Seedorf (UR)",
1215,58.4,58.4,41.6,"Seelisberg (UR)",
1216,53.7,53.7,46.3,"Silenen (UR)",
1217,57.2,57.2,42.8,"Sisikon (UR)",
1218,35.3,35.3,64.7,"Spiringen (UR)",
1219,48.4,48.4,51.6,"Unterschächen (UR)",
1220,61.1,61.1,38.9,"Wassen (UR)",
1301,59.4,59.4,40.6,"Einsiedeln (SZ)",
1311,65,65,35,"Gersau (SZ)",
1321,27.8,27.8,72.2,"Feusisberg (SZ)",
1322,72.8,72.8,27.2,"Freienbach (SZ)",
1323,50.7,50.7,49.3,"Wollerau (SZ)",
1331,79.5,79.5,20.5,"Küssnacht (SZ)",
1341,22.6,22.6,77.4,"Altendorf (SZ)",
1342,48.2,48.2,51.8,"Galgenen (SZ)",
1343,6.2,6.2,93.8,"Innerthal (SZ)",
1344,99.1,99.1,0.9,"Lachen (SZ)",
1345,11.1,11.1,88.9,"Reichenburg (SZ)",
1346,56.6,56.6,43.4,"Schübelbach (SZ)",
1347,71.8,71.8,28.2,"Tuggen (SZ)",
1348,30.7,30.7,69.3,"Vorderthal (SZ)",
1349,49.9,49.9,50.1,"Wangen (SZ)",
1361,14.9,14.9,85.1,"Alpthal (SZ)",
1362,59.6,59.6,40.4,"Arth (SZ)",
1363,58.4,58.4,41.6,"Illgau (SZ)",
1364,65.1,65.1,34.9,"Ingenbohl (SZ)",
1365,68.7,68.7,31.3,"Lauerz (SZ)",
1366,44.8,44.8,55.2,"Morschach (SZ)",
1367,61.8,61.8,38.2,"Muotathal (SZ)",
1368,24.4,24.4,75.6,"Oberiberg (SZ)",
1369,68.6,68.6,31.4,"Riemenstalden (SZ)",
1370,97.1,97.1,2.9,"Rothenthurm (SZ)",
1371,2.1,2.1,97.9,"Sattel (SZ)",
1372,94.2,94.2,5.8,"Svitto (SZ)",
1373,5.1,5.1,94.9,"Steinen (SZ)",
1374,46.9,46.9,53.1,"Steinerberg (SZ)",
1375,51,51,49,"Unteriberg (SZ)",
1401,47,47,53,"Alpnach (OW)",
1402,9.3,9.3,90.7,"Engelberg (OW)",
1403,76.4,76.4,23.6,"Giswil (OW)",
1404,75.9,75.9,24.1,"Kerns (OW)",
1405,57.2,57.2,42.8,"Lungern (OW)",
1406,84.6,84.6,15.4,"Sachseln (OW)",
1407,48.3,48.3,51.7,"Sarnen (OW)",
1501,68.1,68.1,31.9,"Beckenried (NW)",
1502,89.7,89.7,10.3,"Buochs (NW)",
1503,54.1,54.1,45.9,"Dallenwil (NW)",
1504,18.5,18.5,81.5,"Emmetten (NW)",
1505,70.4,70.4,29.6,"Ennetbürgen (NW)",
1506,83.3,83.3,16.7,"Ennetmoos (NW)",
1507,22.3,22.3,77.7,"Hergiswil (NW)",
1508,54.6,54.6,45.4,"Oberdorf (NW)",
1509,32.2,32.2,67.8,"Stans (NW)",
1510,52.7,52.7,47.3,"Stansstad (NW)",
1511,49.2,49.2,50.8,"Wolfenschiessen (NW)",
1630,61.1,61.1,38.9,"Glarus Nord (GL)",
1631,57.6,57.6,42.4,"Glarus Süd (GL)",
1632,52,52,48,"Glarona (GL)",
1701,47.7,47.7,52.3,"Baar (ZG)",
1702,27.7,27.7,72.3,"Cham (ZG)",
1703,19.9,19.9,80.1,"Hünenberg (ZG)",
1704,71.8,71.8,28.2,"Menzingen (ZG)",
1705,16.2,16.2,83.8,"Neuheim (ZG)",
1706,59.5,59.5,40.5,"Oberägeri (ZG)",
1707,81,81,19,"Risch (ZG)",
1708,41.1,41.1,58.9,"Steinhausen (ZG)",
1709,66,66,34,"Unterägeri (ZG)",
1710,76.2,76.2,23.8,"Walchwil (ZG)",
1711,84,84,16,"Zugo (ZG)",
2008,56,56,44,"Châtillon (FR)",
2011,76.6,76.6,23.4,"Cugy (FR)",
2022,40.4,40.4,59.6,"Gletterens (FR)",
2025,46,46,54,"Lully (FR)",
2029,19.1,19.1,80.9,"Montagny (FR)",
2035,43.3,43.3,56.7,"Nuvilly (FR)",
2038,63.7,63.7,36.3,"Prévondavaux (FR)",
2041,33,33,67,"Saint-Aubin (FR)",
2043,47.3,47.3,52.7,"Sévaz (FR)",
2044,76.4,76.4,23.6,"Surpierre (FR)",
2045,39.1,39.1,60.9,"Vallon (FR)",
2050,52.9,52.9,47.1,"Les Montets (FR)",
2051,13.1,13.1,86.9,"Delley-Portalban (FR)",
2053,64.2,64.2,35.8,"Belmont-Broye (FR)",
2054,41.2,41.2,58.8,"Estavayer (FR)",
2055,17.6,17.6,82.4,"Cheyres-Châbles (FR)",
2063,47.3,47.3,52.7,"Billens-Hennens (FR)",
2067,52,52,48,"Le Châtelard (FR)",
2068,2.8,2.8,97.2,"Châtonnaye (FR)",
2079,28.4,28.4,71.6,"Grangettes (FR)",
2086,19.5,19.5,80.5,"Massonnens (FR)",
2087,33.2,33.2,66.8,"Mézières (FR)",
2096,84.3,84.3,15.7,"Romont (FR)",
2097,48.1,48.1,51.9,"Rue (FR)",
2099,65.6,65.6,34.4,"Siviriez (FR)",
2102,19.6,19.6,80.4,"Ursy (FR)",
2113,34.5,34.5,65.5,"Vuisternens-devant-Romont (FR)",
2114,76.6,76.6,23.4,"Villorsonnens (FR)",
2115,47.8,47.8,52.2,"Torny (FR)",
2117,39.6,39.6,60.4,"Villaz (FR)",
2121,84.7,84.7,15.3,"Haut-Intyamon (FR)",
2122,46,46,54,"Pont-en-Ogoz (FR)",
2123,53.3,53.3,46.7,"Botterens (FR)",
2124,64.1,64.1,35.9,"Broc (FR)",
2125,55.1,55.1,44.9,"Bulle (FR)",
2128,49.4,49.4,50.6,"Châtel-sur-Montsalvens (FR)",
2129,50.8,50.8,49.2,"Corbières (FR)",
2130,54.7,54.7,45.3,"Crésuz (FR)",
2131,90.3,90.3,9.7,"Echarlens (FR)",
2134,13.5,13.5,86.5,"Grandvillard (FR)",
2135,60.7,60.7,39.3,"Gruyères (FR)",
2137,23.1,23.1,76.9,"Hauteville (FR)",
2138,0.5,0.5,99.5,"Bellegarde (FR)",
2140,45.1,45.1,54.9,"Marsens (FR)",
2143,64.4,64.4,35.6,"Morlon (FR)",
2145,42.2,42.2,57.8,"Le Pâquier (FR)",
2147,49.1,49.1,50.9,"Pont-la-Ville (FR)",
2148,96.7,96.7,3.3,"Riaz (FR)",
2149,63,63,37,"La Roche (FR)",
2152,5.5,5.5,94.5,"Sâles (FR)",
2153,54.9,54.9,45.1,"Sorens (FR)",
2155,91.8,91.8,8.2,"Vaulruz (FR)",
2160,71,71,29,"Vuadens (FR)",
2162,73.4,73.4,26.6,"Bas-Intyamon (FR)",
2163,47.1,47.1,52.9,"Val-de-Charmey (FR)",
2173,20.7,20.7,79.3,"Autigny (FR)",
2174,17.2,17.2,82.8,"Avry (FR)",
2175,39,39,61,"Belfaux (FR)",
2177,50.9,50.9,49.1,"Chénens (FR)",
2183,86.3,86.3,13.7,"Corminboeuf (FR)",
2186,30.9,30.9,69.1,"Cottens (FR)",
2194,52.1,52.1,47.9,"Ferpicloz (FR)",
2196,8.2,8.2,91.8,"Friburgo (FR)",
2197,48.3,48.3,51.7,"Givisiez (FR)",
2198,49.9,49.9,50.1,"Granges-Paccot (FR)",
2206,67.6,67.6,32.4,"Marly (FR)",
2208,66.9,66.9,33.1,"Matran (FR)",
2211,41.5,41.5,58.5,"Neyruz (FR)",
2216,37,37,63,"Pierrafortscha (FR)",
2220,44.2,44.2,55.8,"Le Mouret (FR)",
2226,6.3,6.3,93.7,"Treyvaux (FR)",
2228,1.1,1.1,98.9,"Villars-sur-Glâne (FR)",
2230,17.6,17.6,82.4,"Villarsel-sur-Marly (FR)",
2233,77.4,77.4,22.6,"Hauterive (FR)",
2234,77.4,77.4,22.6,"La Brillaz (FR)",
2235,27.3,27.3,72.7,"La Sonnaz (FR)",
2236,92.2,92.2,7.8,"Gibloux (FR)",
2237,82.9,82.9,17.1,"Prez (FR)",
2238,12.2,12.2,87.8,"Bois-d'Amont (((FR)))",
2239,47,47,53,"Grolley-Ponthaux (FR)",
2250,67.8,67.8,32.2,"Courgevaux (FR)",
2254,45.4,45.4,54.6,"Courtepin (FR)",
2257,67.8,67.8,32.2,"Cressier (FR)",
2258,25.6,25.6,74.4,"Fräschels (FR)",
2261,87.1,87.1,12.9,"Greng (FR)",
2262,52.6,52.6,47.4,"Cormondes (FR)",
2265,67.2,67.2,32.8,"Chiètres (FR)",
2266,18.4,18.4,81.6,"Kleinbösingen (FR)",
2271,24.8,24.8,75.2,"Meyriez (FR)",
2272,56.8,56.8,43.2,"Misery-Courtion (FR)",
2274,45.8,45.8,54.2,"Montilier (FR)",
2275,64.6,64.6,35.4,"Morat (FR)",
2276,15.5,15.5,84.5,"Ried bei Kerzers (FR)",
2284,53.1,53.1,46.9,"Mont-Vully (FR)",
2292,54,54,46,"Brünisried (FR)",
2293,24.9,24.9,75.1,"Guin (FR)",
2294,49.6,49.6,50.4,"Chevrilles (FR)",
2295,76.5,76.5,23.5,"Bösingen (FR)",
2296,73.1,73.1,26.9,"Heitenried (FR)",
2299,5.9,5.9,94.1,"Planfayon (FR)",
2300,28.4,28.4,71.6,"Plasselb (FR)",
2301,32.5,32.5,67.5,"Dirlaret (FR)",
2303,92.4,92.4,7.6,"Saint-Silvestre (FR)",
2304,88.9,88.9,11.1,"Saint-Ours (FR)",
2305,54.9,54.9,45.1,"Schmitten (FR)",
2306,71.4,71.4,28.6,"Tavel (FR)",
2307,4.3,4.3,95.7,"Tinterin (FR)",
2308,53.3,53.3,46.7,"Ueberstorf (FR)",
2309,77.5,77.5,22.5,"Wünnewil-Flamatt (FR)",
2321,50.3,50.3,49.7,"Attalens (FR)",
2323,94.1,94.1,5.9,"Bossonnens (FR)",
2325,66,66,34,"Châtel-Saint-Denis (FR)",
2328,51.8,51.8,48.2,"Granges (Veveyse) (FR)",
2333,14.8,14.8,85.2,"Remaufens (FR)",
2335,33.7,33.7,66.3,"Saint-Martin (FR)",
2336,30.6,30.6,69.4,"Semsales (FR)",
2337,25.4,25.4,74.6,"Le Flon (FR)",
2338,41.3,41.3,58.7,"La Verrerie (FR)",
2401,63.5,63.5,36.5,"Egerkingen (SO)",
2402,64.9,64.9,35.1,"Härkingen (SO)",
2403,65.1,65.1,34.9,"Kestenholz (SO)",
2404,36.5,36.5,63.5,"Neuendorf (SO)",
2405,72.5,72.5,27.5,"Niederbuchsiten (SO)",
2406,14.9,14.9,85.1,"Oberbuchsiten (SO)",
2407,60.3,60.3,39.7,"Oensingen (SO)",
2408,88.9,88.9,11.1,"Wolfwil (SO)",
2421,57.5,57.5,42.5,"Aedermannsdorf (SO)",
2422,17.6,17.6,82.4,"Balsthal (SO)",
2424,29.6,29.6,70.4,"Herbetswil (SO)",
2425,97.2,97.2,2.8,"Holderbank (SO)",
2426,34.5,34.5,65.5,"Laupersdorf (SO)",
2427,73.2,73.2,26.8,"Matzendorf (SO)",
2428,55.4,55.4,44.6,"Mümliswil-Ramiswil (SO)",
2430,67.5,67.5,32.5,"Welschenrohr-Gänsbrunnen (((SO)))",
2445,56.4,56.4,43.6,"Biezwil (SO)",
2455,96.6,96.6,3.4,"Lüterkofen-Ichertswil (SO)",
2457,47.3,47.3,52.7,"Messen (SO)",
2461,15.2,15.2,84.8,"Schnottwil (SO)",
2463,66.1,66.1,33.9,"Unterramsern (SO)",
2464,90,90,10,"Lüsslingen-Nennigkofen (SO)",
2465,49.1,49.1,50.9,"Buchegg (SO)",
2471,13.9,13.9,86.1,"Bättwil (SO)",
2472,9.3,9.3,90.7,"Büren (SO)",
2473,70.4,70.4,29.6,"Dornach (SO)",
2474,66.4,66.4,33.6,"Gempen (SO)",
2475,54.4,54.4,45.6,"Hochwald (SO)",
2476,49.3,49.3,50.7,"Hofstetten-Flüh (SO)",
2477,54.5,54.5,45.5,"Metzerlen-Mariastein (SO)",
2478,76,76,24,"Nuglar-St. Pantaleon (SO)",
2479,94.9,94.9,5.1,"Rodersdorf (SO)",
2480,71.9,71.9,28.1,"Seewen (SO)",
2481,91.3,91.3,8.7,"Witterswil (SO)",
2491,43.8,43.8,56.2,"Hauenstein-Ifenthal (SO)",
2492,12.2,12.2,87.8,"Kienberg (SO)",
2493,72.6,72.6,27.4,"Lostorf (SO)",
2495,46.5,46.5,53.5,"Niedergösgen (SO)",
2497,28.9,28.9,71.1,"Obergösgen (SO)",
2499,83.9,83.9,16.1,"Stüsslingen (SO)",
2500,37.3,37.3,62.7,"Trimbach (SO)",
2501,46.6,46.6,53.4,"Winznau (SO)",
2502,83.4,83.4,16.6,"Wisen (SO)",
2503,62.5,62.5,37.5,"Erlinsbach (SO)",
2511,17.2,17.2,82.8,"Aeschi (SO)",
2513,87.7,87.7,12.3,"Biberist (SO)",
2514,50.2,50.2,49.8,"Bolken (SO)",
2516,45.6,45.6,54.4,"Deitingen (SO)",
2517,83,83,17,"Derendingen (SO)",
2518,36.4,36.4,63.6,"Etziken (SO)",
2519,52,52,48,"Gerlafingen (SO)",
2523,44,44,56,"Horriwil (SO)",
2524,39,39,61,"Hüniken (SO)",
2525,36.9,36.9,63.1,"Kriegstetten (SO)",
2526,56.3,56.3,43.7,"Lohn-Ammannsegg (SO)",
2527,96.8,96.8,3.2,"Luterbach (SO)",
2528,54,54,46,"Obergerlafingen (SO)",
2530,19.7,19.7,80.3,"Recherswil (SO)",
2532,37,37,63,"Subingen (SO)",
2534,48.4,48.4,51.6,"Zuchwil (SO)",
2535,46.4,46.4,53.6,"Drei Höfe (SO)",
2541,5.3,5.3,94.7,"Balm bei Günsberg (SO)",
2542,85.4,85.4,14.6,"Bellach (SO)",
2543,26.8,26.8,73.2,"Bettlach (SO)",
2544,58.3,58.3,41.7,"Feldbrunnen-St. Niklaus (SO)",
2545,36.4,36.4,63.6,"Flumenthal (SO)",
2546,19.6,19.6,80.4,"Granges (SO)",
2547,18.6,18.6,81.4,"Günsberg (SO)",
2548,49.9,49.9,50.1,"Hubersdorf (SO)",
2549,16.4,16.4,83.6,"Kammersrohr (SO)",
2550,46.7,46.7,53.3,"Langendorf (SO)",
2551,57.1,57.1,42.9,"Lommiswil (SO)",
2553,59.4,59.4,40.6,"Oberdorf (SO)",
2554,23.1,23.1,76.9,"Riedholz (SO)",
2555,35.3,35.3,64.7,"Rüttenen (SO)",
2556,44.7,44.7,55.3,"Selzach (SO)",
2571,43.8,43.8,56.2,"Boningen (SO)",
2572,73,73,27,"Däniken (SO)",
2573,5.5,5.5,94.5,"Dulliken (SO)",
2574,46.4,46.4,53.6,"Eppenberg-Wöschnau (SO)",
2575,61,61,39,"Fulenbach (SO)",
2576,49.7,49.7,50.3,"Gretzenbach (SO)",
2578,68.5,68.5,31.5,"Gunzgen (SO)",
2579,36.5,36.5,63.5,"Hägendorf (SO)",
2580,70.2,70.2,29.8,"Kappel (SO)",
2581,4.4,4.4,95.6,"Olten (SO)",
2582,39.1,39.1,60.9,"Rickenbach (SO)",
2583,17,17,83,"Schönenwerd (SO)",
2584,31.2,31.2,68.8,"Starrkirch-Wil (SO)",
2585,2.7,2.7,97.3,"Walterswil (SO)",
2586,51,51,49,"Wangen bei Olten (SO)",
2601,96.1,96.1,3.9,"Soletta (SO)",
2611,48.3,48.3,51.7,"Bärschwil (SO)",
2612,44.3,44.3,55.7,"Beinwil (SO)",
2613,11,11,89,"Breitenbach (SO)",
2614,26.7,26.7,73.3,"Büsserach (SO)",
2615,45.9,45.9,54.1,"Erschwil (SO)",
2616,18,18,82,"Fehren (SO)",
2617,38,38,62,"Grindel (SO)",
2618,33.8,33.8,66.2,"Himmelried (SO)",
2619,37.3,37.3,62.7,"Kleinlützel (SO)",
2620,0.8,0.8,99.2,"Meltingen (SO)",
2621,50.8,50.8,49.2,"Nunningen (SO)",
2622,71.3,71.3,28.7,"Zullwil (SO)",
2701,20.2,20.2,79.8,"Basilea (BS)",
2702,47.8,47.8,52.2,"Bettingen (BS)",
2703,56.5,56.5,43.5,"Riehen (BS)",
2761,50.1,50.1,49.9,"Aesch (BL)",
2762,55.6,55.6,44.4,"Allschwil (BL)",
2763,94.5,94.5,5.5,"Arlesheim (BL)",
2764,73,73,27,"Biel-Benken (BL)",
2765,40.9,40.9,59.1,"Binningen (BL)",
2766,47.8,47.8,52.2,"Birsfelden (BL)",
2767,40.4,40.4,59.6,"Bottmingen (BL)",
2768,92.4,92.4,7.6,"Ettingen (BL)",
2769,59.6,59.6,40.4,"Münchenstein (BL)",
2770,74,74,26,"Muttenz (BL)",
2771,66.8,66.8,33.2,"Oberwil (BL)",
2772,87.8,87.8,12.2,"Pfeffingen (BL)",
2773,84.2,84.2,15.8,"Reinach (BL)",
2774,64.4,64.4,35.6,"Schönenbuch (BL)",
2775,55.2,55.2,44.8,"Therwil (BL)",
2781,49.7,49.7,50.3,"Blauen (BL)",
2782,54.3,54.3,45.7,"Brislach (BL)",
2783,21.5,21.5,78.5,"Burg im Leimental (BL)",
2784,78.4,78.4,21.6,"Dittingen (BL)",
2785,40.7,40.7,59.3,"Duggingen (BL)",
2786,54.6,54.6,45.4,"Grellingen (BL)",
2787,46.6,46.6,53.4,"Laufon (BL)",
2788,28.7,28.7,71.3,"Liesberg (BL)",
2789,69.1,69.1,30.9,"Nenzlingen (BL)",
2790,52.6,52.6,47.4,"Roggenburg (BL)",
2791,32.4,32.4,67.6,"Röschenz (BL)",
2792,35.3,35.3,64.7,"Wahlen (BL)",
2793,69.2,69.2,30.8,"Zwingen (BL)",
2821,63.3,63.3,36.7,"Arisdorf (BL)",
2822,8,8,92,"Augst (BL)",
2823,40.5,40.5,59.5,"Bubendorf (BL)",
2824,34.7,34.7,65.3,"Frenkendorf (BL)",
2825,97.4,97.4,2.6,"Füllinsdorf (BL)",
2826,45.5,45.5,54.5,"Giebenach (BL)",
2827,58,58,42,"Hersberg (BL)",
2828,11.5,11.5,88.5,"Lausen (BL)",
2829,52.2,52.2,47.8,"Liestal (BL)",
2830,42.3,42.3,57.7,"Lupsingen (BL)",
2831,41.4,41.4,58.6,"Pratteln (BL)",
2832,37.2,37.2,62.8,"Ramlinsburg (BL)",
2833,41.1,41.1,58.9,"Seltisberg (BL)",
2834,38.1,38.1,61.9,"Ziefen (BL)",
2841,67.5,67.5,32.5,"Anwil (BL)",
2842,6.1,6.1,93.9,"Böckten (BL)",
2843,52.1,52.1,47.9,"Buckten (BL)",
2844,94.2,94.2,5.8,"Buus (BL)",
2845,88.6,88.6,11.4,"Diepflingen (BL)",
2846,45,45,55,"Gelterkinden (BL)",
2847,56.6,56.6,43.4,"Häfelfingen (BL)",
2848,45.2,45.2,54.8,"Hemmiken (BL)",
2849,54.8,54.8,45.2,"Itingen (BL)",
2850,31.6,31.6,68.4,"Känerkinden (BL)",
2851,80.5,80.5,19.5,"Kilchberg (BL)",
2852,92.3,92.3,7.7,"Läufelfingen (BL)",
2853,38,38,62,"Maisprach (BL)",
2854,41.8,41.8,58.2,"Nusshof (BL)",
2855,1.5,1.5,98.5,"Oltingen (BL)",
2856,92.5,92.5,7.5,"Ormalingen (BL)",
2857,39.5,39.5,60.5,"Rickenbach (BL)",
2858,73.8,73.8,26.2,"Rothenfluh (BL)",
2859,20.3,20.3,79.7,"Rümlingen (BL)",
2860,61.9,61.9,38.1,"Rünenberg (BL)",
2861,7,7,93,"Sissach (BL)",
2862,57.9,57.9,42.1,"Tecknau (BL)",
2863,38.7,38.7,61.3,"Tenniken (BL)",
2864,83.6,83.6,16.4,"Thürnen (BL)",
2865,41.9,41.9,58.1,"Wenslingen (BL)",
2866,48.8,48.8,51.2,"Wintersingen (BL)",
2867,77.9,77.9,22.1,"Wittinsburg (BL)",
2868,34.3,34.3,65.7,"Zeglingen (BL)",
2869,52.8,52.8,47.2,"Zunzgen (BL)",
2881,79.2,79.2,20.8,"Arboldswil (BL)",
2882,25.4,25.4,74.6,"Bennwil (BL)",
2883,43.2,43.2,56.8,"Bretzwil (BL)",
2884,68,68,32,"Diegten (BL)",
2885,98.8,98.8,1.2,"Eptingen (BL)",
2886,92,92,8,"Hölstein (BL)",
2887,16.1,16.1,83.9,"Lampenberg (BL)",
2888,2.8,2.8,97.2,"Langenbruck (BL)",
2889,79.9,79.9,20.1,"Lauwil (BL)",
2890,70.4,70.4,29.6,"Liedertswil (BL)",
2891,44.2,44.2,55.8,"Niederdorf (BL)",
2892,57.6,57.6,42.4,"Oberdorf (BL)",
2893,46.2,46.2,53.8,"Reigoldswil (BL)",
2894,28.4,28.4,71.6,"Titterten (BL)",
2895,66.6,66.6,33.4,"Waldenburg (BL)",
2901,60.5,60.5,39.5,"Gächlingen (SH)",
2903,49.2,49.2,50.8,"Löhningen (SH)",
2904,75.1,75.1,24.9,"Neunkirch (SH)",
2914,67.6,67.6,32.4,"Büttenhardt (SH)",
2915,69.1,69.1,30.9,"Dörflingen (SH)",
2917,72.6,72.6,27.4,"Lohn (SH)",
2919,76.2,76.2,23.8,"Stetten (SH)",
2920,77.8,77.8,22.2,"Thayngen (SH)",
2931,13.8,13.8,86.2,"Bargen (SH)",
2932,98.7,98.7,1.3,"Beringen (SH)",
2933,40.6,40.6,59.4,"Buchberg (SH)",
2936,60.3,60.3,39.7,"Merishausen (SH)",
2937,53.8,53.8,46.2,"Neuhausen am Rheinfall (SH)",
2938,41,41,59,"Rüdlingen (SH)",
2939,57.1,57.1,42.9,"Sciaffusa (SH)",
2951,20.1,20.1,79.9,"Beggingen (SH)",
2952,58.2,58.2,41.8,"Schleitheim (SH)",
2953,57.3,57.3,42.7,"Siblingen (SH)",
2961,90.3,90.3,9.7,"Buch (SH)",
2962,19.2,19.2,80.8,"Hemishofen (SH)",
2963,71.8,71.8,28.2,"Ramsen (SH)",
2964,55.9,55.9,44.1,"Stein am Rhein (SH)",
2971,81.7,81.7,18.3,"Hallau (SH)",
2972,27,27,73,"Oberhallau (SH)",
2973,1.5,1.5,98.5,"Trasadingen (SH)",
2974,49.6,49.6,50.4,"Wilchingen (SH)",
3001,38,38,62,"Herisau (AR)",
3002,51.9,51.9,48.1,"Hundwil (AR)",
3003,23.9,23.9,76.1,"Schönengrund (AR)",
3004,89.1,89.1,10.9,"Schwellbrunn (AR)",
3005,54.9,54.9,45.1,"Stein (AR)",
3006,62.5,62.5,37.5,"Urnäsch (AR)",
3007,52.9,52.9,47.1,"Waldstatt (AR)",
3021,60,60,40,"Bühler (AR)",
3022,47.6,47.6,52.4,"Gais (AR)",
3023,37.5,37.5,62.5,"Speicher (AR)",
3024,40.1,40.1,59.9,"Teufen (AR)",
3025,15.9,15.9,84.1,"Trogen (AR)",
3031,41.8,41.8,58.2,"Grub (AR)",
3032,55,55,45,"Heiden (AR)",
3033,86.2,86.2,13.8,"Lutzenberg (AR)",
3034,34.7,34.7,65.3,"Rehetobel (AR)",
3035,0.2,0.2,99.8,"Reute (AR)",
3036,55.9,55.9,44.1,"Wald (AR)",
3037,55.3,55.3,44.7,"Walzenhausen (AR)",
3038,36.1,36.1,63.9,"Wolfhalden (AR)",
3101,28.4,28.4,71.6,"Appenzello (AI)",
3102,60,60,40,"Gonten (AI)",
3104,71.4,71.4,28.6,"Schlatt-Haslen (AI)",
3111,33.6,33.6,66.4,"Oberegg (AI)",
3112,48.5,48.5,51.5,"Schwende-Rüti (AI)",
3201,43,43,57,"Häggenschwil (SG)",
3202,37.2,37.2,62.8,"Muolen (SG)",
3203,66.7,66.7,33.3,"San Gallo (SG)",
3204,85.7,85.7,14.3,"Wittenbach (SG)",
3211,67.3,67.3,32.7,"Berg (SG)",
3212,50.2,50.2,49.8,"Eggersriet (SG)",
3213,46.1,46.1,53.9,"Goldach (SG)",
3214,67,67,33,"Mörschwil (SG)",
3215,41.3,41.3,58.7,"Rorschach (SG)",
3216,59,59,41,"Rorschacherberg (SG)",
3217,48,48,52,"Steinach (SG)",
3218,25.6,25.6,74.4,"Tübach (SG)",
3219,2.7,2.7,97.3,"Untereggen (SG)",
3231,73.9,73.9,26.1,"Au (SG)",
3232,57.3,57.3,42.7,"Balgach (SG)",
3233,42.2,42.2,57.8,"Berneck (SG)",
3234,95.9,95.9,4.1,"Diepoldsau (SG)",
3235,32.6,32.6,67.4,"Rheineck (SG)",
3236,30.4,30.4,69.6,"St. Margrethen (SG)",
3237,36.1,36.1,63.9,"Thal (SG)",
3238,49.8,49.8,50.2,"Widnau (SG)",
3251,36.2,36.2,63.8,"Altstätten (SG)",
3252,64.7,64.7,35.3,"Eichberg (SG)",
3253,69.7,69.7,30.3,"Marbach (SG)",
3254,48.8,48.8,51.2,"Oberriet (SG)",
3255,38.6,38.6,61.4,"Rebstein (SG)",
3256,85.1,85.1,14.9,"Rüthi (SG)",
3271,28.5,28.5,71.5,"Buchs (SG)",
3272,58.1,58.1,41.9,"Gams (SG)",
3273,35.5,35.5,64.5,"Grabs (SG)",
3274,30,30,70,"Sennwald (SG)",
3275,12.9,12.9,87.1,"Sevelen (SG)",
3276,14.4,14.4,85.6,"Wartau (SG)",
3291,66.6,66.6,33.4,"Bad Ragaz (SG)",
3292,26.6,26.6,73.4,"Flums (SG)",
3293,33.6,33.6,66.4,"Mels (SG)",
3294,47.7,47.7,52.3,"Pfäfers (SG)",
3295,65.3,65.3,34.7,"Quarten (SG)",
3296,50.8,50.8,49.2,"Sargans (SG)",
3297,78.7,78.7,21.3,"Vilters-Wangs (SG)",
3298,24.1,24.1,75.9,"Walenstadt (SG)",
3311,80.7,80.7,19.3,"Amden (SG)",
3312,53.1,53.1,46.9,"Benken (SG)",
3313,51.8,51.8,48.2,"Kaltbrunn (SG)",
3315,17.1,17.1,82.9,"Schänis (SG)",
3316,57.9,57.9,42.1,"Weesen (SG)",
3338,13.7,13.7,86.3,"Schmerikon (SG)",
3339,70.1,70.1,29.9,"Uznach (SG)",
3340,21.4,21.4,78.6,"Rapperswil-Jona (SG)",
3341,88.7,88.7,11.3,"Gommiswald (SG)",
3342,74.1,74.1,25.9,"Eschenbach (SG)",
3352,26.3,26.3,73.7,"Ebnat-Kappel (SG)",
3359,55.6,55.6,44.4,"Wildhaus-Alt St. Johann (SG)",
3360,76.5,76.5,23.5,"Nesslau (SG)",
3374,26.7,26.7,73.3,"Lichtensteig (SG)",
3379,9.9,9.9,90.1,"Wattwil (SG)",
3392,49.7,49.7,50.3,"Kirchberg (SG)",
3393,58.7,58.7,41.3,"Lütisburg (SG)",
3394,46.3,46.3,53.7,"Mosnang (SG)",
3395,62.5,62.5,37.5,"Bütschwil-Ganterschwil (SG)",
3396,16.2,16.2,83.8,"Neckertal (SG)",
3401,33.4,33.4,66.6,"Degersheim (SG)",
3402,86.7,86.7,13.3,"Flawil (SG)",
3405,61.9,61.9,38.1,"Jonschwil (SG)",
3407,6.5,6.5,93.5,"Oberuzwil (SG)",
3408,70.2,70.2,29.8,"Uzwil (SG)",
3422,46.3,46.3,53.7,"Niederbüren (SG)",
3423,58.6,58.6,41.4,"Niederhelfenschwil (SG)",
3424,18.4,18.4,81.6,"Oberbüren (SG)",
3426,35.1,35.1,64.9,"Zuzwil (SG)",
3427,91.4,91.4,8.6,"Wil (SG)",
3441,39.1,39.1,60.9,"Andwil (SG)",
3442,77.8,77.8,22.2,"Gaiserwald (SG)",
3443,55.8,55.8,44.2,"Gossau (SG)",
3444,54,54,46,"Waldkirch (SG)",
3506,39.1,39.1,60.9,"Vaz/Obervaz (GR)",
3513,52.1,52.1,47.9,"Lantsch/Lenz (GR)",
3514,6,6,94,"Schmitten (GR)",
3542,53.4,53.4,46.6,"Albula/Alvra (GR)",
3543,28.1,28.1,71.9,"Surses (GR)",
3544,38.1,38.1,61.9,"Bergün Filisur (GR)",
3551,56.7,56.7,43.3,"Brusio (GR)",
3561,69.2,69.2,30.8,"Poschiavo (GR)",
3572,68.3,68.3,31.7,"Falera (GR)",
3575,84.9,84.9,15.1,"Laax (GR)",
3581,40.5,40.5,59.5,"Sagogn (GR)",
3582,18.5,18.5,81.5,"Schluein (GR)",
3603,81.3,81.3,18.7,"Vals (GR)",
3618,80.8,80.8,19.2,"Lumnezia (GR)",
3619,84.1,84.1,15.9,"Ilanz/Glion (GR)",
3633,45.3,45.3,54.7,"Fürstenau (GR)",
3637,16.7,16.7,83.3,"Rothenbrunnen (GR)",
3638,1.1,1.1,98.9,"Scharans (GR)",
3640,2.2,2.2,97.8,"Sils im Domleschg (GR)",
3661,30.8,30.8,69.2,"Cazis (GR)",
3662,5.8,5.8,94.2,"Flerden (GR)",
3663,53.2,53.2,46.8,"Masein (GR)",
3668,85.4,85.4,14.6,"Thusis (GR)",
3669,50,50,50,"Tschappina (GR)",
3670,29.4,29.4,70.6,"Urmein (GR)",
3672,15.5,15.5,84.5,"Safiental (GR)",
3673,39.8,39.8,60.2,"Domleschg (GR)",
3681,58.6,58.6,41.4,"Avers (GR)",
3695,22.9,22.9,77.1,"Sufers (GR)",
3701,25.8,25.8,74.2,"Andeer (GR)",
3711,43.1,43.1,56.9,"Rongellen (GR)",
3712,41.8,41.8,58.2,"Zillis-Reischen (GR)",
3713,78.8,78.8,21.2,"Ferrera (GR)",
3714,29.6,29.6,70.4,"Rheinwald (GR)",
3715,9.4,9.4,90.6,"Muntogna da Schons (GR)",
3721,68.9,68.9,31.1,"Bonaduz (GR)",
3722,80,80,20,"Domat/Ems (GR)",
3723,98.2,98.2,1.8,"Rhäzüns (GR)",
3731,61.8,61.8,38.2,"Felsberg (GR)",
3732,31.3,31.3,68.7,"Flims (GR)",
3733,49.5,49.5,50.5,"Tamins (GR)",
3734,43.3,43.3,56.7,"Trin (GR)",
3746,23.4,23.4,76.6,"Zernez (GR)",
3752,41.2,41.2,58.8,"Samnaun (GR)",
3762,59.7,59.7,40.3,"Scuol (GR)",
3764,0.2,0.2,99.8,"Valsot (GR)",
3781,52.6,52.6,47.4,"Bever (GR)",
3782,7.8,7.8,92.2,"Celerina/Schlarigna (GR)",
3783,0.4,0.4,99.6,"Madulain (GR)",
3784,61,61,39,"Pontresina (GR)",
3785,60.9,60.9,39.1,"La Punt-Chamues-ch (GR)",
3786,45.9,45.9,54.1,"Samedan (GR)",
3787,31.2,31.2,68.8,"St. Moritz (GR)",
3788,3.9,3.9,96.1,"S-chanf (GR)",
3789,70.4,70.4,29.6,"Sils im Engadin/Segl (GR)",
3790,94,94,6,"Silvaplana (GR)",
3791,21.9,21.9,78.1,"Zuoz (GR)",
3792,27.6,27.6,72.4,"Bregaglia (GR)",
3804,57.5,57.5,42.5,"Buseno (GR)",
3805,39.1,39.1,60.9,"Castaneda (GR)",
3808,33.8,33.8,66.2,"Rossa (GR)",
3810,29.1,29.1,70.9,"Santa Maria in Calanca (GR)",
3821,33.4,33.4,66.6,"Lostallo (GR)",
3822,27,27,73,"Mesocco (GR)",
3823,15.5,15.5,84.5,"Soazza (GR)",
3831,54.6,54.6,45.4,"Cama (GR)",
3832,87.8,87.8,12.2,"Grono (GR)",
3834,45.9,45.9,54.1,"Roveredo (GR)",
3835,1.3,1.3,98.7,"San Vittore (GR)",
3837,61.9,61.9,38.1,"Calanca (GR)",
3847,61.7,61.7,38.3,"Val Müstair (GR)",
3851,21.5,21.5,78.5,"Davos (GR)",
3861,83.8,83.8,16.2,"Fideris (GR)",
3862,89.3,89.3,10.7,"Furna (GR)",
3863,94.4,94.4,5.6,"Jenaz (GR)",
3871,70.1,70.1,29.9,"Klosters-Serneus (GR)",
3881,45.9,45.9,54.1,"Conters im Prättigau (GR)",
3882,51.4,51.4,48.6,"Küblis (GR)",
3891,54.2,54.2,45.8,"Luzein (GR)",
3901,54.2,54.2,45.8,"Coira (GR)",
3911,26.5,26.5,73.5,"Churwalden (GR)",
3921,41.8,41.8,58.2,"Arosa (GR)",
3945,39.5,39.5,60.5,"Trimmis (GR)",
3946,43.3,43.3,56.7,"Untervaz (GR)",
3947,63.2,63.2,36.8,"Zizers (GR)",
3951,93.9,93.9,6.1,"Fläsch (GR)",
3952,37.1,37.1,62.9,"Jenins (GR)",
3953,42.3,42.3,57.7,"Maienfeld (GR)",
3954,29.9,29.9,70.1,"Malans (GR)",
3955,44.7,44.7,55.3,"Landquart (GR)",
3961,80.4,80.4,19.6,"Grüsch (GR)",
3962,34.2,34.2,65.8,"Schiers (GR)",
3972,47.5,47.5,52.5,"Seewis im Prättigau (GR)",
3981,66.4,66.4,33.6,"Breil/Brigels (GR)",
3982,22.2,22.2,77.8,"Disentis/Mustér (GR)",
3983,66.2,66.2,33.8,"Medel (Lucmagn) (GR)",
3985,45.5,45.5,54.5,"Sumvitg (GR)",
3986,52.7,52.7,47.3,"Tujetsch (GR)",
3987,78.2,78.2,21.8,"Trun (GR)",
3988,44.1,44.1,55.9,"Obersaxen Mundaun (GR)",
4001,33.3,33.3,66.7,"Aarau (AG)",
4002,93.8,93.8,6.2,"Biberstein (AG)",
4003,75.2,75.2,24.8,"Buchs (AG)",
4004,33.7,33.7,66.3,"Densbüren (AG)",
4005,59.6,59.6,40.4,"Erlinsbach (AG)",
4006,73,73,27,"Gränichen (AG)",
4007,42.1,42.1,57.9,"Hirschthal (AG)",
4008,43.2,43.2,56.8,"Küttigen (AG)",
4009,88.6,88.6,11.4,"Muhen (AG)",
4010,57.7,57.7,42.3,"Oberentfelden (AG)",
4012,65.9,65.9,34.1,"Suhr (AG)",
4013,46.7,46.7,53.3,"Unterentfelden (AG)",
4021,56.4,56.4,43.6,"Baden (AG)",
4022,65.5,65.5,34.5,"Bellikon (AG)",
4023,68.3,68.3,31.7,"Bergdietikon (AG)",
4024,86.6,86.6,13.4,"Birmenstorf (AG)",
4026,24.6,24.6,75.4,"Ennetbaden (AG)",
4027,21.6,21.6,78.4,"Fislisbach (AG)",
4028,33.4,33.4,66.6,"Freienwil (AG)",
4029,74.4,74.4,25.6,"Gebenstorf (AG)",
4030,47.1,47.1,52.9,"Killwangen (AG)",
4031,92.6,92.6,7.4,"Künten (AG)",
4032,58.9,58.9,41.1,"Mägenwil (AG)",
4033,2.6,2.6,97.4,"Mellingen (AG)",
4034,96.6,96.6,3.4,"Neuenhof (AG)",
4035,58.5,58.5,41.5,"Niederrohrdorf (AG)",
4037,44.7,44.7,55.3,"Oberrohrdorf (AG)",
4038,59.5,59.5,40.5,"Obersiggenthal (AG)",
4039,78.4,78.4,21.6,"Remetschwil (AG)",
4040,44.1,44.1,55.9,"Spreitenbach (AG)",
4041,70,70,30,"Stetten (AG)",
4044,17.8,17.8,82.2,"Untersiggenthal (AG)",
4045,35,35,65,"Wettingen (AG)",
4046,57.1,57.1,42.9,"Wohlenschwil (AG)",
4047,5.9,5.9,94.1,"Würenlingen (AG)",
4048,52.9,52.9,47.1,"Würenlos (AG)",
4049,81.2,81.2,18.8,"Ehrendingen (AG)",
4061,45,45,55,"Arni (AG)",
4062,64.2,64.2,35.8,"Berikon (AG)",
4063,68.9,68.9,31.1,"Bremgarten (AG)",
4064,38.8,38.8,61.2,"Büttikon (AG)",
4065,64.2,64.2,35.8,"Dottikon (AG)",
4066,96.1,96.1,3.9,"Eggenwil (AG)",
4067,70.4,70.4,29.6,"Fischbach-Göslikon (AG)",
4068,67.7,67.7,32.3,"Hägglingen (AG)",
4071,55.8,55.8,44.2,"Jonen (AG)",
4072,66.6,66.6,33.4,"Niederwil (AG)",
4073,4,4,96,"Oberlunkhofen (AG)",
4074,45.4,45.4,54.6,"Oberwil-Lieli (AG)",
4075,56.9,56.9,43.1,"Rudolfstetten-Friedlisberg (AG)",
4076,38.8,38.8,61.2,"Sarmenstorf (AG)",
4077,11.8,11.8,88.2,"Tägerig (AG)",
4078,48.8,48.8,51.2,"Uezwil (AG)",
4079,65.4,65.4,34.6,"Unterlunkhofen (AG)",
4080,65.6,65.6,34.4,"Villmergen (AG)",
4081,4.8,4.8,95.2,"Widen (AG)",
4082,4.5,4.5,95.5,"Wohlen (AG)",
4083,61.3,61.3,38.7,"Zufikon (AG)",
4084,34.8,34.8,65.2,"Islisberg (AG)",
4091,43.2,43.2,56.8,"Auenstein (AG)",
4092,93.5,93.5,6.5,"Birr (AG)",
4093,29.4,29.4,70.6,"Birrhard (AG)",
4095,67.1,67.1,32.9,"Brugg (AG)",
4099,47.2,47.2,52.8,"Habsburg (AG)",
4100,31.2,31.2,68.8,"Hausen (AG)",
4104,44.8,44.8,55.2,"Lupfig (AG)",
4105,47.5,47.5,52.5,"Mandach (AG)",
4106,59.8,59.8,40.2,"Mönthal (AG)",
4107,81.3,81.3,18.7,"Mülligen (AG)",
4110,46.7,46.7,53.3,"Remigen (AG)",
4111,20.7,20.7,79.3,"Riniken (AG)",
4112,42.5,42.5,57.5,"Rüfenach (AG)",
4117,67.7,67.7,32.3,"Thalheim (AG)",
4120,43.5,43.5,56.5,"Veltheim (AG)",
4121,60.1,60.1,39.9,"Villigen (AG)",
4123,25,25,75,"Windisch (AG)",
4124,12.3,12.3,87.7,"Bözberg (AG)",
4125,43.9,43.9,56.1,"Schinznach (AG)",
4131,7.8,7.8,92.2,"Beinwil am See (AG)",
4132,58.9,58.9,41.1,"Birrwil (AG)",
4134,50,50,50,"Dürrenäsch (AG)",
4135,7.7,7.7,92.3,"Gontenschwil (AG)",
4136,71.4,71.4,28.6,"Holziken (AG)",
4137,73.5,73.5,26.5,"Leimbach (AG)",
4138,61.7,61.7,38.3,"Leutwil (AG)",
4139,50.2,50.2,49.8,"Menziken (AG)",
4140,38.6,38.6,61.4,"Oberkulm (AG)",
4141,36.5,36.5,63.5,"Reinach (AG)",
4142,64,64,36,"Schlossrued (AG)",
4143,37,37,63,"Schmiedrued (AG)",
4144,16.2,16.2,83.8,"Schöftland (AG)",
4145,17.2,17.2,82.8,"Teufenthal (AG)",
4146,67.8,67.8,32.2,"Unterkulm (AG)",
4147,18.7,18.7,81.3,"Zetzwil (AG)",
4161,19.1,19.1,80.9,"Eiken (AG)",
4163,6.8,6.8,93.2,"Frick (AG)",
4164,87.3,87.3,12.7,"Gansingen (AG)",
4165,15.5,15.5,84.5,"Gipf-Oberfrick (AG)",
4169,42.3,42.3,57.7,"Kaisten (AG)",
4170,53.9,53.9,46.1,"Laufenburg (AG)",
4172,58.2,58.2,41.8,"Münchwilen (AG)",
4173,34.1,34.1,65.9,"Oberhof (AG)",
4175,53.8,53.8,46.2,"Oeschgen (AG)",
4176,33.4,33.4,66.6,"Schwaderloch (AG)",
4177,57.1,57.1,42.9,"Sisseln (AG)",
4181,20.8,20.8,79.2,"Wittnau (AG)",
4182,49.3,49.3,50.7,"Wölflinswil (AG)",
4183,3.1,3.1,96.9,"Zeihen (AG)",
4184,44.9,44.9,55.1,"Mettauertal (AG)",
4185,79.2,79.2,20.8,"Böztal (AG)",
4186,61.4,61.4,38.6,"Herznach-Ueken (AG)",
4191,38.2,38.2,61.8,"Ammerswil (AG)",
4192,86.6,86.6,13.4,"Boniswil (AG)",
4193,53.2,53.2,46.8,"Brunegg (AG)",
4194,86.5,86.5,13.5,"Dintikon (AG)",
4195,12,12,88,"Egliswil (AG)",
4196,83.8,83.8,16.2,"Fahrwangen (AG)",
4197,79,79,21,"Hallwil (AG)",
4198,53,53,47,"Hendschiken (AG)",
4199,4.4,4.4,95.6,"Holderbank (AG)",
4200,18.2,18.2,81.8,"Hunzenschwil (AG)",
4201,48.1,48.1,51.9,"Lenzburg (AG)",
4202,78.6,78.6,21.4,"Meisterschwanden (AG)",
4203,93.4,93.4,6.6,"Möriken-Wildegg (AG)",
4204,74.4,74.4,25.6,"Niederlenz (AG)",
4205,30.5,30.5,69.5,"Othmarsingen (AG)",
4206,39.6,39.6,60.4,"Rupperswil (AG)",
4207,24.8,24.8,75.2,"Schafisheim (AG)",
4208,21.7,21.7,78.3,"Seengen (AG)",
4209,38.2,38.2,61.8,"Seon (AG)",
4210,55.4,55.4,44.6,"Staufen (AG)",
4221,64.7,64.7,35.3,"Abtwil (AG)",
4222,52.3,52.3,47.7,"Aristau (AG)",
4223,57,57,43,"Auw (AG)",
4224,51.6,51.6,48.4,"Beinwil (Freiamt) (AG)",
4226,19.9,19.9,80.1,"Besenbüren (AG)",
4227,43.7,43.7,56.3,"Bettwil (AG)",
4228,68.8,68.8,31.2,"Boswil (AG)",
4229,98.9,98.9,1.1,"Bünzen (AG)",
4230,40.9,40.9,59.1,"Buttwil (AG)",
4231,50.7,50.7,49.3,"Dietwil (AG)",
4232,42.8,42.8,57.2,"Geltwil (AG)",
4233,83,83,17,"Kallern (AG)",
4234,45.7,45.7,54.3,"Merenschwand (AG)",
4235,58.9,58.9,41.1,"Mühlau (AG)",
4236,44.9,44.9,55.1,"Muri (AG)",
4237,72.7,72.7,27.3,"Oberrüti (AG)",
4238,43.5,43.5,56.5,"Rottenschwil (AG)",
4239,1.4,1.4,98.6,"Sins (AG)",
4240,99.8,99.8,0.2,"Waltenschwil (AG)",
4251,42.8,42.8,57.2,"Hellikon (AG)",
4252,12,12,88,"Kaiseraugst (AG)",
4253,70.5,70.5,29.5,"Magden (AG)",
4254,57.3,57.3,42.7,"Möhlin (AG)",
4255,60.4,60.4,39.6,"Mumpf (AG)",
4256,18,18,82,"Obermumpf (AG)",
4257,98,98,2,"Olsberg (AG)",
4258,73.5,73.5,26.5,"Rheinfelden (AG)",
4259,49.5,49.5,50.5,"Schupfart (AG)",
4260,22.2,22.2,77.8,"Stein (AG)",
4261,56.9,56.9,43.1,"Wallbach (AG)",
4262,35.3,35.3,64.7,"Wegenstetten (AG)",
4263,27.6,27.6,72.4,"Zeiningen (AG)",
4264,77.5,77.5,22.5,"Zuzgen (AG)",
4271,44.1,44.1,55.9,"Aarburg (AG)",
4273,43.8,43.8,56.2,"Bottenwil (AG)",
4274,98.2,98.2,1.8,"Brittnau (AG)",
4275,37.4,37.4,62.6,"Kirchleerau (AG)",
4276,48.2,48.2,51.8,"Kölliken (AG)",
4277,20.3,20.3,79.7,"Moosleerau (AG)",
4279,93.2,93.2,6.8,"Murgenthal (AG)",
4280,51.1,51.1,48.9,"Oftringen (AG)",
4281,50.6,50.6,49.4,"Reitnau (AG)",
4282,21.4,21.4,78.6,"Rothrist (AG)",
4283,42.2,42.2,57.8,"Safenwil (AG)",
4284,68.3,68.3,31.7,"Staffelbach (AG)",
4285,31,31,69,"Strengelbach (AG)",
4286,19.5,19.5,80.5,"Uerkheim (AG)",
4287,26.1,26.1,73.9,"Vordemwald (AG)",
4288,68.8,68.8,31.2,"Wiliberg (AG)",
4289,97.2,97.2,2.8,"Zofingue (AG)",
4303,50.6,50.6,49.4,"Böttstein (AG)",
4304,50.7,50.7,49.3,"Döttingen (AG)",
4305,74.9,74.9,25.1,"Endingen (AG)",
4306,72.2,72.2,27.8,"Fisibach (AG)",
4307,48,48,52,"Full-Reuenthal (AG)",
4309,52.6,52.6,47.4,"Klingnau (AG)",
4310,43.4,43.4,56.6,"Koblenz (AG)",
4311,86.6,86.6,13.4,"Leibstadt (AG)",
4312,50.2,50.2,49.8,"Lengnau (AG)",
4313,68.4,68.4,31.6,"Leuggern (AG)",
4314,82.3,82.3,17.7,"Mellikon (AG)",
4318,34,34,66,"Schneisingen (AG)",
4319,69.1,69.1,30.9,"Siglistorf (AG)",
4320,17.8,17.8,82.2,"Tegerfelden (AG)",
4324,64.1,64.1,35.9,"Zurzach (AG)",
4401,12.8,12.8,87.2,"Arbon (TG)",
4406,70.4,70.4,29.6,"Dozwil (TG)",
4411,47.5,47.5,52.5,"Egnach (TG)",
4416,46.5,46.5,53.5,"Hefenhofen (TG)",
4421,21.6,21.6,78.4,"Horn (TG)",
4426,30.5,30.5,69.5,"Kesswil (TG)",
4431,24.5,24.5,75.5,"Roggwil (TG)",
4436,58.1,58.1,41.9,"Romanshorn (TG)",
4441,62.2,62.2,37.8,"Salmsach (TG)",
4446,59.5,59.5,40.5,"Sommeri (TG)",
4451,42.1,42.1,57.9,"Uttwil (TG)",
4461,83.5,83.5,16.5,"Amriswil (TG)",
4471,25.1,25.1,74.9,"Bischofszell (TG)",
4476,67.1,67.1,32.9,"Erlen (TG)",
4486,38.6,38.6,61.4,"Hauptwil-Gottshaus (TG)",
4495,50,50,50,"Hohentannen (TG)",
4501,48.1,48.1,51.9,"Kradolf-Schönenberg (TG)",
4506,84.9,84.9,15.1,"Sulgen (TG)",
4511,45.3,45.3,54.7,"Zihlschlacht-Sitterdorf (TG)",
4536,22.5,22.5,77.5,"Basadingen-Schlattingen (TG)",
4545,31.7,31.7,68.3,"Diessenhofen (TG)",
4546,34.4,34.4,65.6,"Schlatt (TG)",
4551,41.7,41.7,58.3,"Aadorf (TG)",
4561,18.1,18.1,81.9,"Felben-Wellhausen (TG)",
4566,43.3,43.3,56.7,"Frauenfeld (TG)",
4571,43.3,43.3,56.7,"Gachnang (TG)",
4590,17.4,17.4,82.6,"Hüttlingen (TG)",
4591,58.3,58.3,41.7,"Matzingen (TG)",
4601,90.3,90.3,9.7,"Neunforn (TG)",
4606,7,7,93,"Stettfurt (TG)",
4611,64.8,64.8,35.2,"Thundorf (TG)",
4616,63.8,63.8,36.2,"Uesslingen-Buch (TG)",
4621,40.5,40.5,59.5,"Warth-Weiningen (TG)",
4641,79.1,79.1,20.9,"Altnau (TG)",
4643,55.2,55.2,44.8,"Bottighofen (TG)",
4646,49.8,49.8,50.2,"Ermatingen (TG)",
4651,58.7,58.7,41.3,"Gottlieben (TG)",
4656,51.4,51.4,48.6,"Güttingen (TG)",
4666,60.8,60.8,39.2,"Kemmental (TG)",
4671,49.3,49.3,50.7,"Kreuzlingen (TG)",
4681,59.8,59.8,40.2,"Langrickenbach (TG)",
4683,52.9,52.9,47.1,"Lengwil (TG)",
4691,55.1,55.1,44.9,"Münsterlingen (TG)",
4696,42.3,42.3,57.7,"Tägerwilen (TG)",
4701,38.7,38.7,61.3,"Wäldi (TG)",
4711,63.4,63.4,36.6,"Affeltrangen (TG)",
4716,51.9,51.9,48.1,"Bettwiesen (TG)",
4721,64.7,64.7,35.3,"Bichelsee-Balterswil (TG)",
4723,62.6,62.6,37.4,"Braunau (TG)",
4724,45.2,45.2,54.8,"Eschlikon (TG)",
4726,88.1,88.1,11.9,"Fischingen (TG)",
4741,40.4,40.4,59.6,"Lommis (TG)",
4746,28.1,28.1,71.9,"Münchwilen (TG)",
4751,28.3,28.3,71.7,"Rickenbach (TG)",
4756,62.5,62.5,37.5,"Schönholzerswilen (TG)",
4761,70.2,70.2,29.8,"Sirnach (TG)",
4776,76,76,24,"Tobel-Tägerschen (TG)",
4781,67.3,67.3,32.7,"Wängi (TG)",
4786,59.3,59.3,40.7,"Wilen (TG)",
4791,34.7,34.7,65.3,"Wuppenau (TG)",
4801,77.6,77.6,22.4,"Berlingen (TG)",
4806,28.1,28.1,71.9,"Eschenz (TG)",
4811,53,53,47,"Herdern (TG)",
4816,45,45,55,"Homburg (TG)",
4821,43.4,43.4,56.6,"Hüttwilen (TG)",
4826,89.9,89.9,10.1,"Mammern (TG)",
4831,45.2,45.2,54.8,"Müllheim (TG)",
4841,42.4,42.4,57.6,"Pfyn (TG)",
4846,54.3,54.3,45.7,"Raperswilen (TG)",
4851,90.8,90.8,9.2,"Salenstein (TG)",
4864,24.7,24.7,75.3,"Steckborn (TG)",
4871,71.3,71.3,28.7,"Wagenhausen (TG)",
4881,54.1,54.1,45.9,"Amlikon-Bissegg (TG)",
4891,82.6,82.6,17.4,"Berg (TG)",
4901,15.6,15.6,84.4,"Birwinken (TG)",
4911,11.4,11.4,88.6,"Bürglen (TG)",
4921,97.4,97.4,2.6,"Bussnang (TG)",
4941,77.6,77.6,22.4,"Märstetten (TG)",
4946,33.5,33.5,66.5,"Weinfelden (TG)",
4951,70.3,70.3,29.7,"Wigoltingen (TG)",
5001,44.9,44.9,55.1,"Arbedo-Castione (TI)",
5002,60.3,60.3,39.7,"Bellinzona (TI)",
5003,14.5,14.5,85.5,"Cadenazzo (TI)",
5009,84,84,16,"Isone (TI)",
5010,87,87,13,"Lumino (TI)",
5017,24.7,24.7,75.3,"Sant'Antonino (TI)",
5048,22.1,22.1,77.9,"Acquarossa (TI)",
5049,43.8,43.8,56.2,"Blenio (TI)",
5050,39.4,39.4,60.6,"Serravalle (TI)",
5061,62.3,62.3,37.7,"Airolo (TI)",
5063,59.2,59.2,40.8,"Bedretto (TI)",
5071,86.3,86.3,13.7,"Dalpe (TI)",
5072,30.7,30.7,69.3,"Faido (TI)",
5073,8.7,8.7,91.3,"Giornico (TI)",
5076,68.7,68.7,31.3,"Personico (TI)",
5077,46.8,46.8,53.2,"Pollegio (TI)",
5079,28.4,28.4,71.6,"Quinto (TI)",
5091,73.5,73.5,26.5,"Ascona (TI)",
5096,57.6,57.6,42.4,"Brione sopra Minusio (TI)",
5097,67.8,67.8,32.2,"Brissago (TI)",
5108,38.5,38.5,61.5,"Gordola (TI)",
5112,55,55,45,"Lavertezzo (TI)",
5113,44,44,56,"Locarno (TI)",
5115,25.6,25.6,74.4,"Losone (TI)",
5117,41.7,41.7,58.3,"Mergoscia (TI)",
5118,11,11,89,"Minusio (TI)",
5120,48.7,48.7,51.3,"Muralto (TI)",
5121,55.9,55.9,44.1,"Orselina (TI)",
5125,45.8,45.8,54.2,"Ronco sopra Ascona (TI)",
5131,61.1,61.1,38.9,"Tenero-Contra (TI)",
5136,89.2,89.2,10.8,"Onsernone (TI)",
5138,6.1,6.1,93.9,"Cugnasco-Gerra (TI)",
5141,43.3,43.3,56.7,"Agno (TI)",
5143,83.4,83.4,16.6,"Aranno (TI)",
5144,82.6,82.6,17.4,"Arogno (TI)",
5148,1.8,1.8,98.2,"Bedano (TI)",
5151,41.2,41.2,58.8,"Bioggio (TI)",
5154,20.8,20.8,79.2,"Bissone (TI)",
5160,76.1,76.1,23.9,"Brusino Arsizio (TI)",
5161,0.9,0.9,99.1,"Cademario (TI)",
5162,61.1,61.1,38.9,"Cadempino (TI)",
5167,38.4,38.4,61.6,"Canobbio (TI)",
5171,26.1,26.1,73.9,"Caslano (TI)",
5176,49.2,49.2,50.8,"Comano (TI)",
5180,53.6,53.6,46.4,"Cureglia (TI)",
5186,15.8,15.8,84.2,"Grancia (TI)",
5187,59.4,59.4,40.6,"Gravesano (TI)",
5189,44.5,44.5,55.5,"Lamone (TI)",
5192,69.2,69.2,30.8,"Lugano (TI)",
5193,21.3,21.3,78.7,"Magliaso (TI)",
5194,42.4,42.4,57.6,"Manno (TI)",
5196,8.8,8.8,91.2,"Massagno (TI)",
5198,52.8,52.8,47.2,"Melide (TI)",
5199,54.1,54.1,45.9,"Mezzovico-Vira (TI)",
5203,70.2,70.2,29.8,"Morcote (TI)",
5205,81.7,81.7,18.3,"Muzzano (TI)",
5206,43.4,43.4,56.6,"Neggio (TI)",
5208,45.8,45.8,54.2,"Origlio (TI)",
5210,6.4,6.4,93.6,"Paradiso (TI)",
5212,56.4,56.4,43.6,"Ponte Capriasca (TI)",
5214,2.3,2.3,97.7,"Porza (TI)",
5216,37.4,37.4,62.6,"Pura (TI)",
5221,66.9,66.9,33.1,"Savosa (TI)",
5225,81.6,81.6,18.4,"Sorengo (TI)",
5226,10.6,10.6,89.4,"Capriasca (TI)",
5227,53.5,53.5,46.5,"Torricella-Taverne (TI)",
5230,32.1,32.1,67.9,"Vernate (TI)",
5231,55.1,55.1,44.9,"Vezia (TI)",
5233,42.3,42.3,57.7,"Vico Morcote (TI)",
5236,26.2,26.2,73.8,"Collina d'Oro (TI)",
5237,39.1,39.1,60.9,"Alto Malcantone (TI)",
5238,83.9,83.9,16.1,"Monteceneri (TI)",
5239,52.1,52.1,47.9,"Tresa (TI)",
5240,46.2,46.2,53.8,"Val Mara (TI)",
5242,3.8,3.8,96.2,"Balerna (TI)",
5249,48.8,48.8,51.2,"Castel San Pietro (TI)",
5250,47.7,47.7,52.3,"Chiasso (TI)",
5251,48.5,48.5,51.5,"Coldrerio (TI)",
5254,79.7,79.7,20.3,"Mendrisio (TI)",
5257,27.1,27.1,72.9,"Morbio Inferiore (TI)",
5260,9,9,91,"Novazzano (TI)",
5263,18.5,18.5,81.5,"Riva San Vitale (TI)",
5266,95.3,95.3,4.7,"Stabio (TI)",
5268,69.3,69.3,30.7,"Vacallo (TI)",
5269,74.4,74.4,25.6,"Breggia (TI)",
5281,40,40,60,"Biasca (TI)",
5287,89.4,89.4,10.6,"Riviera (TI)",
5304,48,48,52,"Bosco/Gurin (TI)",
5307,60.3,60.3,39.7,"Campo (Vallemaggia) (TI)",
5309,72.6,72.6,27.4,"Cerentino (TI)",
5310,41.6,41.6,58.4,"Cevio (TI)",
5315,30,30,70,"Linescio (TI)",
5317,30.9,30.9,69.1,"Maggia (TI)",
5323,39.8,39.8,60.2,"Lavizzara (TI)",
5324,11.4,11.4,88.6,"Avegno Gordevio (TI)",
5395,60.9,60.9,39.1,"Lema (TI)",
5396,74.1,74.1,25.9,"Terre di Pedemonte (TI)",
5397,57.8,57.8,42.2,"Centovalli (TI)",
5398,41.7,41.7,58.3,"Gambarogno (TI)",
5399,66.9,66.9,33.1,"Verzasca (TI)",
5401,7.9,7.9,92.1,"Aigle (VD)",
5402,18,18,82,"Bex (VD)",
5403,8.3,8.3,91.7,"Chessel (VD)",
5404,89.3,89.3,10.7,"Corbeyrier (VD)",
5405,66.8,66.8,33.2,"Gryon (VD)",
5406,66.4,66.4,33.6,"Lavey-Morcles (VD)",
5407,38.7,38.7,61.3,"Leysin (VD)",
5408,46.8,46.8,53.2,"Noville (VD)",
5409,13.1,13.1,86.9,"Ollon (VD)",
5410,65.7,65.7,34.3,"Ormont-Dessous (VD)",
5411,96.3,96.3,3.7,"Ormont-Dessus (VD)",
5412,32.5,32.5,67.5,"Rennaz (VD)",
5413,91.2,91.2,8.8,"Roche (VD)",
5414,75.9,75.9,24.1,"Villeneuve (VD)",
5415,4.6,4.6,95.4,"Yvorne (VD)",
5422,55.4,55.4,44.6,"Aubonne (VD)",
5423,82.1,82.1,17.9,"Ballens (VD)",
5424,33.8,33.8,66.2,"Berolle (VD)",
5425,71.2,71.2,28.8,"Bière (VD)",
5426,55.5,55.5,44.5,"Bougy-Villars (VD)",
5427,44.6,44.6,55.4,"Féchy (VD)",
5428,45.5,45.5,54.5,"Gimel (VD)",
5429,11,11,89,"Longirod (VD)",
5430,59.9,59.9,40.1,"Marchissy (VD)",
5431,34.5,34.5,65.5,"Mollens (VD)",
5434,42,42,58,"Saint-George (VD)",
5435,10.5,10.5,89.5,"Saint-Livres (VD)",
5436,69.6,69.6,30.4,"Saint-Oyens (VD)",
5437,25,25,75,"Saubraz (VD)",
5451,21,21,79,"Avenches (VD)",
5456,38.3,38.3,61.7,"Cudrefin (VD)",
5458,92.7,92.7,7.3,"Faoug (VD)",
5464,74.6,74.6,25.4,"Vully-les-Lacs (VD)",
5471,87.1,87.1,12.9,"Bettens (VD)",
5472,26.1,26.1,73.9,"Bournens (VD)",
5473,60.1,60.1,39.9,"Boussens (VD)",
5474,61.5,61.5,38.5,"La Chaux (Cossonay) (VD)",
5475,51.5,51.5,48.5,"Chavannes-le-Veyron (VD)",
5476,19,19,81,"Chevilly (VD)",
5477,44.5,44.5,55.5,"Cossonay (VD)",
5479,39.9,39.9,60.1,"Cuarnens (VD)",
5480,89.3,89.3,10.7,"Daillens (VD)",
5481,8.8,8.8,91.2,"Dizy (VD)",
5482,54.7,54.7,45.3,"Eclépens (VD)",
5483,4.8,4.8,95.2,"Ferreyres (VD)",
5484,64,64,36,"Gollion (VD)",
5485,66.1,66.1,33.9,"Grancy (VD)",
5486,71.8,71.8,28.2,"L'Isle (VD)",
5487,99.5,99.5,0.5,"Lussery-Villars (VD)",
5488,39.3,39.3,60.7,"Mauraz (VD)",
5489,43.1,43.1,56.9,"Mex (VD)",
5490,86.9,86.9,13.1,"Moiry (VD)",
5491,7.5,7.5,92.5,"Mont-la-Ville (VD)",
5492,55.4,55.4,44.6,"Montricher (VD)",
5493,7.3,7.3,92.7,"Orny (VD)",
5495,73.1,73.1,26.9,"Penthalaz (VD)",
5496,80.7,80.7,19.3,"Penthaz (VD)",
5497,79.5,79.5,20.5,"Pompaples (VD)",
5498,83.1,83.1,16.9,"La Sarraz (VD)",
5499,56.1,56.1,43.9,"Senarclens (VD)",
5501,35.6,35.6,64.4,"Sullens (VD)",
5503,57.8,57.8,42.2,"Vufflens-la-Ville (VD)",
5511,64.5,64.5,35.5,"Assens (VD)",
5512,94,94,6,"Bercher (VD)",
5514,85.1,85.1,14.9,"Bottens (VD)",
5515,54,54,46,"Bretigny-sur-Morrens (VD)",
5516,48.3,48.3,51.7,"Cugy (VD)",
5518,69.4,69.4,30.6,"Echallens (VD)",
5520,37.7,37.7,62.3,"Essertines-sur-Yverdon (VD)",
5521,83.9,83.9,16.1,"Etagnières (VD)",
5522,44.3,44.3,55.7,"Fey (VD)",
5523,47.1,47.1,52.9,"Froideville (VD)",
5527,48.5,48.5,51.5,"Morrens (VD)",
5529,16.5,16.5,83.5,"Oulens-sous-Echallens (VD)",
5530,71.1,71.1,28.9,"Pailly (VD)",
5531,4.5,4.5,95.5,"Penthéréaz (VD)",
5533,54.5,54.5,45.5,"Poliez-Pittet (VD)",
5534,34.7,34.7,65.3,"Rueyres (VD)",
5535,50.1,50.1,49.9,"Saint-Barthélemy (VD)",
5537,13.9,13.9,86.1,"Villars-le-Terroir (VD)",
5539,81.8,81.8,18.2,"Vuarrens (VD)",
5540,71.8,71.8,28.2,"Montilliez (VD)",
5541,43.3,43.3,56.7,"Goumoëns (VD)",
5551,29.1,29.1,70.9,"Bonvillars (VD)",
5552,42.6,42.6,57.4,"Bullet (VD)",
5553,31,31,69,"Champagne (VD)",
5554,11.5,11.5,88.5,"Concise (VD)",
5555,72.9,72.9,27.1,"Corcelles-près-Concise (VD)",
5556,48,48,52,"Fiez (VD)",
5557,28.3,28.3,71.7,"Fontaines-sur-Grandson (VD)",
5559,27.9,27.9,72.1,"Giez (VD)",
5560,54,54,46,"Grandevent (VD)",
5561,46.9,46.9,53.1,"Grandson (VD)",
5562,76.8,76.8,23.2,"Mauborget (VD)",
5563,41.6,41.6,58.4,"Mutrux (VD)",
5564,54.9,54.9,45.1,"Novalles (VD)",
5565,36.2,36.2,63.8,"Onnens (VD)",
5566,83.3,83.3,16.7,"Provence (VD)",
5568,3.4,3.4,96.6,"Sainte-Croix (VD)",
5571,66.5,66.5,33.5,"Tévenon (VD)",
5581,93.5,93.5,6.5,"Belmont-sur-Lausanne (VD)",
5582,32.2,32.2,67.8,"Cheseaux-sur-Lausanne (VD)",
5583,12.2,12.2,87.8,"Crissier (VD)",
5584,45.3,45.3,54.7,"Epalinges (VD)",
5585,74,74,26,"Jouxtens-Mézery (VD)",
5586,36.4,36.4,63.6,"Losanna (VD)",
5587,47,47,53,"Le Mont-sur-Lausanne (VD)",
5588,27.6,27.6,72.4,"Paudex (VD)",
5589,84.7,84.7,15.3,"Prilly (VD)",
5590,38.5,38.5,61.5,"Pully (VD)",
5591,12.1,12.1,87.9,"Renens (VD)",
5592,4.6,4.6,95.4,"Romanel-sur-Lausanne (VD)",
5601,41.1,41.1,58.9,"Chexbres (VD)",
5604,47.7,47.7,52.3,"Forel (Lavaux) (VD)",
5606,50.5,50.5,49.5,"Lutry (VD)",
5607,66.8,66.8,33.2,"Puidoux (VD)",
5609,52.3,52.3,47.7,"Rivaz (VD)",
5610,36.1,36.1,63.9,"Saint-Saphorin (Lavaux) (VD)",
5611,41,41,59,"Savigny (VD)",
5613,49.7,49.7,50.3,"Bourg-en-Lavaux (VD)",
5621,37.7,37.7,62.3,"Aclens (VD)",
5622,13.6,13.6,86.4,"Bremblens (VD)",
5623,13.9,13.9,86.1,"Buchillon (VD)",
5624,31.8,31.8,68.2,"Bussigny (VD)",
5627,80.7,80.7,19.3,"Chavannes-près-Renens (VD)",
5628,53.9,53.9,46.1,"Chigny (VD)",
5629,60.7,60.7,39.3,"Clarmont (VD)",
5631,42.6,42.6,57.4,"Denens (VD)",
5632,2.2,2.2,97.8,"Denges (VD)",
5633,45,45,55,"Echandens (VD)",
5634,42.3,42.3,57.7,"Echichens (VD)",
5635,16.6,16.6,83.4,"Ecublens (VD)",
5636,48.2,48.2,51.8,"Etoy (VD)",
5637,72.8,72.8,27.2,"Lavigny (VD)",
5638,74.8,74.8,25.2,"Lonay (VD)",
5639,46.8,46.8,53.2,"Lully (VD)",
5640,49.3,49.3,50.7,"Lussy-sur-Morges (VD)",
5642,37.1,37.1,62.9,"Morges (VD)",
5643,41.6,41.6,58.4,"Préverenges (VD)",
5645,49.3,49.3,50.7,"Romanel-sur-Morges (VD)",
5646,49,49,51,"Saint-Prex (VD)",
5648,26.4,26.4,73.6,"Saint-Sulpice (VD)",
5649,69.3,69.3,30.7,"Tolochenaz (VD)",
5650,67.3,67.3,32.7,"Vaux-sur-Morges (VD)",
5651,40,40,60,"Villars-Sainte-Croix (VD)",
5652,49.1,49.1,50.9,"Villars-sous-Yens (VD)",
5653,22.1,22.1,77.9,"Vufflens-le-Château (VD)",
5654,22,22,78,"Vullierens (VD)",
5655,72.3,72.3,27.7,"Yens (VD)",
5656,33.5,33.5,66.5,"Hautemorges (VD)",
5661,41.6,41.6,58.4,"Boulens (VD)",
5663,88.9,88.9,11.1,"Bussy-sur-Moudon (VD)",
5665,77,77,23,"Chavannes-sur-Moudon (VD)",
5669,83.7,83.7,16.3,"Curtilles (VD)",
5671,83.3,83.3,16.7,"Dompierre (VD)",
5673,43.7,43.7,56.3,"Hermenches (VD)",
5674,88.3,88.3,11.7,"Lovatens (VD)",
5675,53.7,53.7,46.3,"Lucens (VD)",
5678,53.6,53.6,46.4,"Moudon (VD)",
5680,8.9,8.9,91.1,"Ogens (VD)",
5683,21,21,79,"Prévonloup (VD)",
5684,62,62,38,"Rossenges (VD)",
5688,49.1,49.1,50.9,"Syens (VD)",
5690,9.3,9.3,90.7,"Villars-le-Comte (VD)",
5692,6,6,94,"Vucherens (VD)",
5693,58.8,58.8,41.2,"Montanaire (VD)",
5701,6.3,6.3,93.7,"Arnex-sur-Nyon (VD)",
5702,45.2,45.2,54.8,"Arzier-Le Muids (VD)",
5703,50.3,50.3,49.7,"Bassins (VD)",
5704,18,18,82,"Begnins (VD)",
5705,80.8,80.8,19.2,"Bogis-Bossey (VD)",
5706,46.4,46.4,53.6,"Borex (VD)",
5707,81.9,81.9,18.1,"Chavannes-de-Bogis (VD)",
5708,63.3,63.3,36.7,"Chavannes-des-Bois (VD)",
5709,60.3,60.3,39.7,"Chéserex (VD)",
5710,62,62,38,"Coinsins (VD)",
5711,84.2,84.2,15.8,"Commugny (VD)",
5712,61.1,61.1,38.9,"Coppet (VD)",
5713,64.2,64.2,35.8,"Crans-près-Céligny (VD)",
5714,49.6,49.6,50.4,"Crassier (VD)",
5715,42.6,42.6,57.4,"Duillier (VD)",
5716,43.5,43.5,56.5,"Eysins (VD)",
5717,10,10,90,"Founex (VD)",
5718,75.1,75.1,24.9,"Genolier (VD)",
5719,62.3,62.3,37.7,"Gingins (VD)",
5720,46.9,46.9,53.1,"Givrins (VD)",
5721,84.6,84.6,15.4,"Gland (VD)",
5722,8,8,92,"Grens (VD)",
5723,3.7,3.7,96.3,"Mies (VD)",
5724,59,59,41,"Nyon (VD)",
5725,75.7,75.7,24.3,"Prangins (VD)",
5726,19.2,19.2,80.8,"La Rippe (VD)",
5727,50.8,50.8,49.2,"Saint-Cergue (VD)",
5728,55.1,55.1,44.9,"Signy-Avenex (VD)",
5729,63.1,63.1,36.9,"Tannay (VD)",
5730,46.4,46.4,53.6,"Trélex (VD)",
5731,29.3,29.3,70.7,"Le Vaud (VD)",
5732,39.2,39.2,60.8,"Vich (VD)",
5741,88.9,88.9,11.1,"L'Abergement (VD)",
5742,24.8,24.8,75.2,"Agiez (VD)",
5743,63.5,63.5,36.5,"Arnex-sur-Orbe (VD)",
5744,78.8,78.8,21.2,"Ballaigues (VD)",
5745,69.3,69.3,30.7,"Baulmes (VD)",
5746,72.3,72.3,27.7,"Bavois (VD)",
5747,39.2,39.2,60.8,"Bofflens (VD)",
5748,48.4,48.4,51.6,"Bretonnières (VD)",
5749,63.2,63.2,36.8,"Chavornay (VD)",
5750,34.7,34.7,65.3,"Les Clées (VD)",
5752,46.1,46.1,53.9,"Croy (VD)",
5754,44.1,44.1,55.9,"Juriens (VD)",
5755,5,5,95,"Lignerolle (VD)",
5756,55.5,55.5,44.5,"Montcherand (VD)",
5757,80.3,80.3,19.7,"Orbe (VD)",
5758,34.5,34.5,65.5,"La Praz (VD)",
5759,41.3,41.3,58.7,"Premier (VD)",
5760,94.3,94.3,5.7,"Rances (VD)",
5761,24.5,24.5,75.5,"Romainmôtier-Envy (VD)",
5762,91.2,91.2,8.8,"Sergey (VD)",
5763,85.4,85.4,14.6,"Valeyres-sous-Rances (VD)",
5764,13.9,13.9,86.1,"Vallorbe (VD)",
5765,54.2,54.2,45.8,"Vaulion (VD)",
5766,86.2,86.2,13.8,"Vuiteboeuf (VD)",
5785,8.3,8.3,91.7,"Corcelles-le-Jorat (VD)",
5790,62.6,62.6,37.4,"Maracon (VD)",
5792,33.2,33.2,66.8,"Montpreveyres (VD)",
5798,28.5,28.5,71.5,"Ropraz (VD)",
5799,40.9,40.9,59.1,"Servion (VD)",
5803,56.3,56.3,43.7,"Vulliens (VD)",
5804,65.1,65.1,34.9,"Jorat-Menthue (VD)",
5805,48.4,48.4,51.6,"Oron (VD)",
5806,57.7,57.7,42.3,"Jorat-Mézières (VD)",
5812,33.5,33.5,66.5,"Champtauroz (VD)",
5813,43.7,43.7,56.3,"Chevroux (VD)",
5816,9.4,9.4,90.6,"Corcelles-près-Payerne (VD)",
5817,91.5,91.5,8.5,"Grandcour (VD)",
5819,60.9,60.9,39.1,"Henniez (VD)",
5821,57.7,57.7,42.3,"Missy (VD)",
5822,56.6,56.6,43.4,"Payerne (VD)",
5827,44.4,44.4,55.6,"Trey (VD)",
5828,83.3,83.3,16.7,"Treytorrens (Payerne) (VD)",
5830,45.8,45.8,54.2,"Villarzel (VD)",
5831,56.7,56.7,43.3,"Valbroye (VD)",
5841,37.1,37.1,62.9,"Château-d'Oex (VD)",
5842,1.4,1.4,98.6,"Rossinière (VD)",
5843,76.8,76.8,23.2,"Rougemont (VD)",
5851,92.3,92.3,7.7,"Allaman (VD)",
5852,6.6,6.6,93.4,"Bursinel (VD)",
5853,10.9,10.9,89.1,"Bursins (VD)",
5854,80,80,20,"Burtigny (VD)",
5855,29.5,29.5,70.5,"Dully (VD)",
5856,75.3,75.3,24.7,"Essertines-sur-Rolle (VD)",
5857,69.3,69.3,30.7,"Gilly (VD)",
5858,57.6,57.6,42.4,"Luins (VD)",
5859,59.1,59.1,40.9,"Mont-sur-Rolle (VD)",
5860,47.3,47.3,52.7,"Perroy (VD)",
5861,55.6,55.6,44.4,"Rolle (VD)",
5862,45.6,45.6,54.4,"Tartegnin (VD)",
5863,62.3,62.3,37.7,"Vinzel (VD)",
5871,18.3,18.3,81.7,"L'Abbaye (VD)",
5872,52.3,52.3,47.7,"Le Chenit (VD)",
5873,56.9,56.9,43.1,"Le Lieu (VD)",
5882,27.2,27.2,72.8,"Chardonne (VD)",
5883,44.7,44.7,55.3,"Corseaux (VD)",
5884,5.3,5.3,94.7,"Corsier-sur-Vevey (VD)",
5885,74.1,74.1,25.9,"Jongny (VD)",
5886,16.5,16.5,83.5,"Montreux (VD)",
5889,70.7,70.7,29.3,"La Tour-de-Peilz (VD)",
5890,42.1,42.1,57.9,"Vevey (VD)",
5891,53,53,47,"Veytaux (VD)",
5892,63.1,63.1,36.9,"Blonay-Saint-Légier (((VD)))",
5902,50,50,50,"Belmont-sur-Yverdon (VD)",
5903,86.5,86.5,13.5,"Bioley-Magnoux (VD)",
5904,48.4,48.4,51.6,"Chamblon (VD)",
5905,89.4,89.4,10.6,"Champvent (VD)",
5907,53.5,53.5,46.5,"Chavannes-le-Chêne (VD)",
5908,91.1,91.1,8.9,"Chêne-Pâquier (VD)",
5909,32.7,32.7,67.3,"Cheseaux-Noréaz (VD)",
5910,57.9,57.9,42.1,"Cronay (VD)",
5911,3.5,3.5,96.5,"Cuarny (VD)",
5912,37.9,37.9,62.1,"Démoret (VD)",
5913,51.3,51.3,48.7,"Donneloye (VD)",
5914,41.1,41.1,58.9,"Ependes (VD)",
5919,55.1,55.1,44.9,"Mathod (VD)",
5921,98.6,98.6,1.4,"Molondin (VD)",
5922,34,34,66,"Montagny-près-Yverdon (VD)",
5923,75.6,75.6,24.4,"Oppens (VD)",
5924,52.2,52.2,47.8,"Orges (VD)",
5925,63.6,63.6,36.4,"Orzens (VD)",
5926,89.1,89.1,10.9,"Pomy (VD)",
5928,51.1,51.1,48.9,"Rovray (VD)",
5929,28.4,28.4,71.6,"Suchy (VD)",
5930,56.9,56.9,43.1,"Suscévaz (VD)",
5931,48.7,48.7,51.3,"Treycovagnes (VD)",
5932,39.5,39.5,60.5,"Ursins (VD)",
5933,52,52,48,"Valeyres-sous-Montagny (VD)",
5934,71.7,71.7,28.3,"Valeyres-sous-Ursins (VD)",
5935,11.4,11.4,88.6,"Villars-Epeney (VD)",
5937,52.4,52.4,47.6,"Vugelles-La Mothe (VD)",
5938,47.8,47.8,52.2,"Yverdon-les-Bains (VD)",
5939,49.8,49.8,50.2,"Yvonand (VD)",
6002,39,39,61,"Briga-Glis (VS)",
6004,90.7,90.7,9.3,"Eggerberg (VS)",
6007,72.6,72.6,27.4,"Naters (VS)",
6008,27.1,27.1,72.9,"Ried-Brig (VS)",
6009,61.9,61.9,38.1,"Sempione (VS)",
6010,54.2,54.2,45.8,"Termen (VS)",
6011,67,67,33,"Zwischbergen (VS)",
6021,75.5,75.5,24.5,"Ardon (VS)",
6022,33.5,33.5,66.5,"Chamoson (VS)",
6023,69.4,69.4,30.6,"Conthey (VS)",
6024,4.6,4.6,95.4,"Nendaz (VS)",
6025,51,51,49,"Vétroz (VS)",
6032,60,60,40,"Bourg-Saint-Pierre (VS)",
6033,47.3,47.3,52.7,"Liddes (VS)",
6034,63.9,63.9,36.1,"Orsières (VS)",
6035,93.6,93.6,6.4,"Sembrancher (VS)",
6037,40.1,40.1,59.9,"Val de Bagnes (VS)",
6052,85.3,85.3,14.7,"Bellwald (VS)",
6054,62,62,38,"Binn (VS)",
6056,62.5,62.5,37.5,"Ernen (VS)",
6057,45.8,45.8,54.2,"Fiesch (VS)",
6058,81,81,19,"Fieschertal (VS)",
6061,69.3,69.3,30.7,"Lax (VS)",
6076,54.7,54.7,45.3,"Obergoms (VS)",
6077,87.4,87.4,12.6,"Goms (VS)",
6082,38.3,38.3,61.7,"Ayent (VS)",
6083,16.8,16.8,83.2,"Evolène (VS)",
6084,5.1,5.1,94.9,"Hérémence (VS)",
6087,52.3,52.3,47.7,"Saint-Martin (VS)",
6089,84.6,84.6,15.4,"Vex (VS)",
6090,22.3,22.3,77.7,"Mont-Noble (VS)",
6101,47.1,47.1,52.9,"Agarn (VS)",
6102,93,93,7,"Albinen (VS)",
6104,34.9,34.9,65.1,"Ergisch (VS)",
6109,66.3,66.3,33.7,"Inden (VS)",
6110,46.7,46.7,53.3,"Loèche (VS)",
6111,37.4,37.4,62.6,"Loèche-les-Bains (VS)",
6112,72.5,72.5,27.5,"Oberems (VS)",
6113,69.3,69.3,30.7,"Salquenen (VS)",
6116,58,58,42,"Varone (VS)",
6117,42,42,58,"Guttet-Feschel (VS)",
6118,1.1,1.1,98.9,"Gampel-Bratsch (VS)",
6119,53.6,53.6,46.4,"Turtmann-Unterems (VS)",
6131,79.7,79.7,20.3,"Bovernier (VS)",
6133,83.6,83.6,16.4,"Fully (VS)",
6134,84.6,84.6,15.4,"Isérables (VS)",
6135,27.6,27.6,72.4,"Leytron (VS)",
6136,78.7,78.7,21.3,"Martigny (VS)",
6137,37.5,37.5,62.5,"Martigny-Combe (VS)",
6139,84.1,84.1,15.9,"Riddes (VS)",
6140,43.8,43.8,56.2,"Saillon (VS)",
6141,29.1,29.1,70.9,"Saxon (VS)",
6142,59.3,59.3,40.7,"Trient (VS)",
6151,84.5,84.5,15.5,"Champéry (VS)",
6152,8.9,8.9,91.1,"Collombey-Muraz (VS)",
6153,21.9,21.9,78.1,"Monthey (VS)",
6154,28.8,28.8,71.2,"Port-Valais (VS)",
6155,55.7,55.7,44.3,"Saint-Gingolph (VS)",
6156,85.2,85.2,14.8,"Troistorrents (VS)",
6157,60.7,60.7,39.3,"Val-d'Illiez (VS)",
6158,24.6,24.6,75.4,"Vionnaz (VS)",
6159,19,19,81,"Vouvry (VS)",
6172,66.4,66.4,33.6,"Bister (VS)",
6173,89.1,89.1,10.9,"Bitsch (VS)",
6177,47,47,53,"Grengiols (VS)",
6181,83.4,83.4,16.6,"Riederalp (VS)",
6191,76.7,76.7,23.3,"Ausserberg (VS)",
6192,34.6,34.6,65.4,"Blatten (VS)",
6193,78.4,78.4,21.6,"Bürchen (VS)",
6194,3.6,3.6,96.4,"Eischoll (VS)",
6195,79.4,79.4,20.6,"Ferden (VS)",
6197,35,35,65,"Kippel (VS)",
6198,33,33,67,"Niedergesteln (VS)",
6199,94.9,94.9,5.1,"Rarogne (VS)",
6201,46.6,46.6,53.4,"Unterbäch (VS)",
6202,22,22,78,"Wiler (Lötschen) (VS)",
6203,18.6,18.6,81.4,"Mörel-Filet (VS)",
6204,54.8,54.8,45.2,"Steg-Hohtenn (VS)",
6205,90.4,90.4,9.6,"Bettmeralp (VS)",
6211,95.6,95.6,4.4,"Collonges (VS)",
6212,58.2,58.2,41.8,"Dorénaz (VS)",
6213,0.3,0.3,99.7,"Evionnaz (VS)",
6214,57.1,57.1,42.9,"Finhaut (VS)",
6215,63,63,37,"Massongex (VS)",
6217,68.8,68.8,31.2,"Saint-Maurice (VS)",
6218,51.8,51.8,48.2,"Salvan (VS)",
6219,88.2,88.2,11.8,"Vernayaz (VS)",
6220,37.5,37.5,62.5,"Vérossaz (VS)",
6232,55.3,55.3,44.7,"Chalais (VS)",
6235,88.6,88.6,11.4,"Chippis (VS)",
6238,52.4,52.4,47.6,"Grône (VS)",
6239,52.2,52.2,47.8,"Icogne (VS)",
6240,27.1,27.1,72.9,"Lens (VS)",
6246,83.8,83.8,16.2,"Saint-Léonard (VS)",
6248,31,31,69,"Sierre (VS)",
6252,31.6,31.6,68.4,"Anniviers (VS)",
6253,49.1,49.1,50.9,"Crans-Montana (VS)",
6254,78.2,78.2,21.8,"Noble-Contrée (VS)",
6261,3,3,97,"Arbaz (VS)",
6263,83.2,83.2,16.8,"Grimisuat (VS)",
6265,72.9,72.9,27.1,"Savièse (VS)",
6266,44.7,44.7,55.3,"Sion (VS)",
6267,41.6,41.6,58.4,"Veysonnaz (VS)",
6281,49,49,51,"Baltschieder (VS)",
6282,45.5,45.5,54.5,"Eisten (VS)",
6283,11.5,11.5,88.5,"Embd (VS)",
6285,34.2,34.2,65.8,"Grächen (VS)",
6286,32,32,68,"Lalden (VS)",
6287,50.5,50.5,49.5,"Randa (VS)",
6288,67,67,33,"Saas-Almagell (VS)",
6289,43.8,43.8,56.2,"Saas-Balen (VS)",
6290,47.8,47.8,52.2,"Saas-Fee (VS)",
6291,74.6,74.6,25.4,"Saas-Grund (VS)",
6292,37.9,37.9,62.1,"Saint-Nicolas (VS)",
6293,86.6,86.6,13.4,"Stalden (VS)",
6294,58.5,58.5,41.5,"Staldenried (VS)",
6295,92,92,8,"Täsch (VS)",
6296,44.2,44.2,55.8,"Törbel (VS)",
6297,90.6,90.6,9.4,"Viège (VS)",
6298,84.1,84.1,15.9,"Visperterminen (VS)",
6299,44.8,44.8,55.2,"Zeneggen (VS)",
6300,3.2,3.2,96.8,"Zermatt (VS)",
6404,70.4,70.4,29.6,"Boudry (NE)",
6408,27.5,27.5,72.5,"Cortaillod (NE)",
6413,38.5,38.5,61.5,"Rochefort (NE)",
6416,32.4,32.4,67.6,"Milvignes (NE)",
6417,42.6,42.6,57.4,"La Grande Béroche (NE)",
6421,88.8,88.8,11.2,"La Chaux-de-Fonds (NE)",
6422,46,46,54,"Les Planchettes (NE)",
6423,14,14,86,"La Sagne (NE)",
6432,89,89,11,"La (BréviNE)",
6433,84.3,84.3,15.7,"Brot-Plamboz (NE)",
6434,20.7,20.7,79.3,"Le Cerneux-Péquignot (NE)",
6435,61,61,39,"La Chaux-du-Milieu (NE)",
6436,38.3,38.3,61.7,"Le Locle (NE)",
6437,85.8,85.8,14.2,"Les Ponts-de-Martel (NE)",
6451,27.4,27.4,72.6,"Cornaux (NE)",
6452,84.6,84.6,15.4,"Cressier (NE)",
6455,90.1,90.1,9.9,"Le Landeron (NE)",
6456,44.2,44.2,55.8,"Lignières (NE)",
6458,49.6,49.6,50.4,"Neuchâtel (NE)",
6487,24.5,24.5,75.5,"Val-de-Ruz (NE)",
6504,39.6,39.6,60.4,"La Côte-aux-Fées (NE)",
6511,97.1,97.1,2.9,"Les Verrières (NE)",
6512,84.9,84.9,15.1,"Val-de-Travers (NE)",
6513,55.4,55.4,44.6,"Laténa (NE)",
6601,31.8,31.8,68.2,"Aire-la-Ville (GE)",
6602,32.9,32.9,67.1,"Anières (GE)",
6603,68.9,68.9,31.1,"Avully (GE)",
6604,58.3,58.3,41.7,"Avusy (GE)",
6605,57.2,57.2,42.8,"Bardonnex (GE)",
6606,98.6,98.6,1.4,"Bellevue (GE)",
6607,61.9,61.9,38.1,"Bernex (GE)",
6608,66.9,66.9,33.1,"Carouge (GE)",
6609,88.3,88.3,11.7,"Cartigny (GE)",
6610,54.5,54.5,45.5,"Céligny (GE)",
6611,88.8,88.8,11.2,"Chancy (GE)",
6612,36.6,36.6,63.4,"Chêne-Bougeries (GE)",
6613,37.1,37.1,62.9,"Chêne-Bourg (GE)",
6614,44.7,44.7,55.3,"Choulex (GE)",
6615,92.3,92.3,7.7,"Collex-Bossy (GE)",
6616,43.2,43.2,56.8,"Collonge-Bellerive (GE)",
6617,51,51,49,"Cologny (GE)",
6618,28.2,28.2,71.8,"Confignon (GE)",
6619,31.8,31.8,68.2,"Corsier (GE)",
6620,80.7,80.7,19.3,"Dardagny (GE)",
6621,4.9,4.9,95.1,"Ginevra (GE)",
6622,98.5,98.5,1.5,"Genthod (GE)",
6623,29.1,29.1,70.9,"Le Grand-Saconnex (GE)",
6624,29.5,29.5,70.5,"Gy (GE)",
6625,66.9,66.9,33.1,"Hermance (GE)",
6626,66.5,66.5,33.5,"Jussy (GE)",
6627,61.9,61.9,38.1,"Laconnex (GE)",
6628,37.7,37.7,62.3,"Lancy (GE)",
6629,56,56,44,"Meinier (GE)",
6630,18.5,18.5,81.5,"Meyrin (GE)",
6631,31.7,31.7,68.3,"Onex (GE)",
6632,69.9,69.9,30.1,"Perly-Certoux (GE)",
6633,85.7,85.7,14.3,"Plan-les-Ouates (GE)",
6634,44.7,44.7,55.3,"Pregny-Chambésy (GE)",
6635,75,75,25,"Presinge (GE)",
6636,78.3,78.3,21.7,"Puplinge (GE)",
6637,34,34,66,"Russin (GE)",
6638,52.6,52.6,47.4,"Satigny (GE)",
6639,68.5,68.5,31.5,"Soral (GE)",
6640,62.3,62.3,37.7,"Thônex (GE)",
6641,59.3,59.3,40.7,"Troinex (GE)",
6642,81.8,81.8,18.2,"Vandoeuvres (GE)",
6643,13.8,13.8,86.2,"Vernier (GE)",
6644,54.4,54.4,45.6,"Versoix (GE)",
6645,64.8,64.8,35.2,"Veyrier (GE)",
6702,33.9,33.9,66.1,"Boécourt (JU)",
6703,46.6,46.6,53.4,"Bourrignon (JU)",
6704,80.8,80.8,19.2,"Châtillon (JU)",
6706,38.5,38.5,61.5,"Courchapoix (JU)",
6708,38.9,38.9,61.1,"Courrendlin (JU)",
6709,89.9,89.9,10.1,"Courroux (JU)",
6710,35,35,65,"Courtételle (JU)",
6711,33.1,33.1,66.9,"Delémont (JU)",
6712,53.2,53.2,46.8,"Develier (JU)",
6713,92.4,92.4,7.6,"Ederswiler (JU)",
6715,49.7,49.7,50.3,"Mervelier (JU)",
6716,95,95,5,"Mettembert (JU)",
6718,37.8,37.8,62.2,"Movelier (JU)",
6719,66.5,66.5,33.5,"Pleigne (JU)",
6721,60.5,60.5,39.5,"Rossemaison (JU)",
6722,3.3,3.3,96.7,"Saulcy (JU)",
6724,59.6,59.6,40.4,"Soyhières (JU)",
6729,58.2,58.2,41.8,"Haute-Sorne (JU)",
6730,10.6,10.6,89.4,"Val Terbi (JU)",
6741,57.1,57.1,42.9,"Le Bémont (JU)",
6742,70,70,30,"Les Bois (JU)",
6743,48,48,52,"Les Breuleux (JU)",
6745,19.1,19.1,80.9,"Les Enfers (JU)",
6748,72.1,72.1,27.9,"Les Genevez (JU)",
6750,18.2,18.2,81.8,"Lajoux (JU)",
6751,52.1,52.1,47.9,"Montfaucon (JU)",
6753,6,6,94,"Muriaux (JU)",
6754,72.3,72.3,27.7,"Le Noirmont (JU)",
6757,76.1,76.1,23.9,"Saignelégier (JU)",
6758,32.6,32.6,67.4,"Saint-Brais (JU)",
6759,34.6,34.6,65.4,"Soubey (JU)",
6771,99.9,99.9,0.1,"Alle (JU)",
6774,64.2,64.2,35.8,"Boncourt (JU)",
6778,51.5,51.5,48.5,"Bure (JU)",
6781,17.7,17.7,82.3,"Coeuve (JU)",
6782,40.1,40.1,59.9,"Cornol (JU)",
6783,67.1,67.1,32.9,"Courchavon (JU)",
6784,65.3,65.3,34.7,"Courgenay (JU)",
6785,98.5,98.5,1.5,"Courtedoux (JU)",
6789,71,71,29,"Fahy (JU)",
6790,53.2,53.2,46.8,"Fontenais (JU)",
6792,44.2,44.2,55.8,"Grandfontaine (JU)",
6800,82.8,82.8,17.2,"Porrentruy (JU)",
6806,49.9,49.9,50.1,"Vendlincourt (JU)",
6807,36.4,36.4,63.6,"Basse-Allaine (JU)",
6808,45,45,55,"Clos du Doubs (JU)",
6809,71.5,71.5,28.5,"Haute-Ajoie (JU)",
6810,16.2,16.2,83.8,"La Baroche (JU)",
6811,81.8,81.8,18.2,"Damphreux-Lugnez (JU)",
6812,18.2,18.2,81.8,"Basse-Vendline (JU)",
